,Nombre_Institucion,Provincia,Canton,Parroquia,Numero_de_estudiantes,Numero_de_docentes
1,CORAZON DE JESUS,EL ORO,ARENILLAS,ARENILLAS,33,11
5,KLEBER TINOCO PINEDA,EL ORO,ARENILLAS,ARENILLAS,66,9
6,LAS BRISAS,EL ORO,ARENILLAS,ARENILLAS,96,4
8,25 DE DICIEMBRE,EL ORO,ARENILLAS,ARENILLAS,54,3
13,9 DE OCTUBRE,EL ORO,ARENILLAS,ARENILLAS,23,2
15,BATALLON DE INFANTERIA N 38 AMBATO,EL ORO,ARENILLAS,ARENILLAS,21,1
19,ARISTIDES CORDOVA VILLACIS,EL ORO,ARENILLAS,ARENILLAS,41,5
23,NAPOLEON PALADINES CARREÑO,EL ORO,ARENILLAS,ARENILLAS,45,5
24,MAYOR HECTOR ESPINOZA,EL ORO,ARENILLAS,ARENILLAS,47,5
32,SIMON BOLIVAR,EL ORO,ARENILLAS,CHACRAS,46,3
34,MAYOR GALO MOLINA,EL ORO,ARENILLAS,PALMALES,63,4
35,MAYOR  MANUEL ANTONIO ROSERO,EL ORO,ARENILLAS,PALMALES,46,3
36,ZOILA ESPERANZA CRESPO,EL ORO,ARENILLAS,CARCABON,29,4
37,JESUS MARIA YEPEZ,EL ORO,ARENILLAS,CARCABON,48,5
45,RIO ARENILLAS,EL ORO,ARENILLAS,PALMALES,21,3
48,24 DE MAYO,EL ORO,ARENILLAS,PALMALES,24,3
50,ELOY ALFARO,EL ORO,ARENILLAS,ARENILLAS,24,3
58,PRIMERO DE JUNIO,EL ORO,ARENILLAS,ARENILLAS,86,5
59,LAS AMERICAS,EL ORO,ARENILLAS,ARENILLAS,39,2
62,REPUBLICA DE ARGENTINA,EL ORO,ATAHUALPA,PACCHA,31,4
67,CELIA LUCIA PONTON MATAMOROS,EL ORO,ATAHUALPA,AYAPAMBA,24,3
68,DIEZ DE AGOSTO,EL ORO,ATAHUALPA,AYAPAMBA,41,5
76,CARLOS REYES ANDRADE,EL ORO,ATAHUALPA,SAN JOSE,27,4
92,CENTRO  ARTESANAL  NAPO PASTAZA,EL ORO,BALSAS,BALSAS,98,7
100,PROFESOR LEOVIGILDO LOAYZA LOAYZA,EL ORO,BALSAS,BELLAMARIA,27,3
104,DR  EDMUNDO CARBO,EL ORO,CHILLA,CHILLA,27,1
112,LAURO DAVILA ECHEVERRIA,EL ORO,CHILLA,CHILLA,35,2
118,JORGE ICAZA CORONEL,EL ORO,CHILLA,CHILLA,30,4
120,BELISARIO FAJARDO,EL ORO,CHILLA,CHILLA,29,5
128,ANGEL MARIA COJITAMBO MACAS,EL ORO,CHILLA,CHILLA,60,7
130,VICENTE  MAYA,EL ORO,CHILLA,CHILLA,87,2
132,ZORAIDA MORA DE FRANCO,EL ORO,EL GUABO,LA IBERIA,74,5
133,CHARBEL JOSE FADUL SERRANO,EL ORO,EL GUABO,LA IBERIA,99,10
136,JERUSALEN,EL ORO,EL GUABO,EL GUABO,24,1
137,5 DE ABRIL,EL ORO,EL GUABO,EL GUABO,61,5
140,INSTITUTO  7 DE SEPTIEMBRE,EL ORO,EL GUABO,EL GUABO,43,12
142,REPUBLICA DE COSTA RICA,EL ORO,EL GUABO,EL GUABO,25,1
143,LA DOLOROSA,EL ORO,EL GUABO,EL GUABO,59,9
144,VIRGEN MARIA AUXILIADORA,EL ORO,EL GUABO,EL GUABO,26,5
148,LATINOAMERICANO,EL ORO,EL GUABO,EL GUABO,82,9
149,VICTORIA CAÑARTE DE ORELLANA,EL ORO,EL GUABO,EL GUABO,66,7
150,JOSE LUIS MOLESTINA,EL ORO,EL GUABO,EL GUABO,44,5
152,SAN ANTONIO DE PADUA,EL ORO,EL GUABO,EL GUABO,49,7
155,LUCERITO,EL ORO,EL GUABO,EL GUABO,99,8
162,JUAN MONTALVO MEDINA CALDERON,EL ORO,EL GUABO,EL GUABO,81,7
163,MARIA DEL CARMEN,EL ORO,EL GUABO,EL GUABO,96,7
165,GRAL JOSE MARIA CORDOVA,EL ORO,EL GUABO,EL GUABO,79,6
168,ZOILA UGARTE DE LANDIVAR,EL ORO,EL GUABO,EL GUABO,60,2
170,FILOMENA CORREA DE SERRANO,EL ORO,EL GUABO,TENDALES,76,6
171,CENTRO DE EDUCACION POPULAR 10  DE AGOSTO,EL ORO,EL GUABO,TENDALES,23,1
176,ENRIQUE RUILOVA,EL ORO,EL GUABO,BARBONES (SUCRE),24,4
178,ANTONIA PROAÑO DE SANCHEZ,EL ORO,EL GUABO,BARBONES (SUCRE),62,8
182,CARLOS NAPOLEON MERA,EL ORO,EL GUABO,TENDALES,77,2
183,DR. ROMULO CEDILLO ZEA,EL ORO,EL GUABO,BARBONES (SUCRE),37,4
187,JOSE HOMERO SERRANO RAMIREZ,EL ORO,EL GUABO,RIO BONITO,40,4
189,POMPEYO FERNANDEZ MARQUEZ,EL ORO,EL GUABO,RIO BONITO,50,7
190,EL PARAISO,EL ORO,EL GUABO,RIO BONITO,32,3
191,14 DE JULIO,EL ORO,EL GUABO,RIO BONITO,31,3
192,CIUDAD DE MACHALA,EL ORO,EL GUABO,RIO BONITO,81,6
194,TENIENTE GUSTAVO LEDESMA,EL ORO,EL GUABO,RIO BONITO,34,5
205,JOSE MAYON,EL ORO,HUAQUILLAS,ECUADOR,28,1
211,PRIMERO DE OCTUBRE,EL ORO,HUAQUILLAS,UNION LOJANA,28,1
212,ALEJANDRO CAMPOVERDE ANDRADE,EL ORO,HUAQUILLAS,MILTON REYES,36,4
220,MARIA LEONOR MINUCHE ARMIJOS,EL ORO,HUAQUILLAS,ECUADOR,47,6
226,VICENTE  MAYA    -  EXTENSIÓN,EL ORO,HUAQUILLAS,UNION LOJANA,83,4
232,CLEMENCIA GRANDA ROMERO,EL ORO,HUAQUILLAS,HUALTACO,61,6
237,CIUDAD DE MACARA,EL ORO,HUAQUILLAS,MILTON REYES,37,7
238,INSTITUTO DE EDUCACION ESPECIAL HUAQUILLAS,EL ORO,HUAQUILLAS,MILTON REYES,80,3
241,NIÑOS DE BELEN,EL ORO,HUAQUILLAS,EL PARAISO,86,10
249,SEMILLITAS DE SION,EL ORO,HUAQUILLAS,HUALTACO,27,0
250,DR. EUGENIO ESPEJO,EL ORO,HUAQUILLAS,HUALTACO,26,0
255,NICOLAS VALDANO RAFFO,EL ORO,LAS LAJAS,LA VICTORIA,38,4
263,PROVINCIA DE TUNGURAHUA,EL ORO,LAS LAJAS,EL PARAISO,27,3
265,DOLORES CARREÑO DE MORA,EL ORO,LAS LAJAS,EL PARAISO,25,2
270,DR. JOSE MARIA VELAZCO IBARRA,EL ORO,LAS LAJAS,LA LIBERTAD,25,2
272,JORGE YEPEZ CARRANZA,EL ORO,LAS LAJAS,LA LIBERTAD,21,2
276,VICENTE  MAYA,EL ORO,LAS LAJAS,LA VICTORIA,98,5
277,VOLUNTAD DE DIOS,EL ORO,MACHALA,NUEVE DE MAYO,30,1
278,LUZ DE AMERICA,EL ORO,MACHALA,NUEVE DE MAYO,30,1
279,LOS ANGELES,EL ORO,MACHALA,NUEVE DE MAYO,30,1
280,NUEVO PILO,EL ORO,MACHALA,NUEVE DE MAYO,25,1
282,MI LINDO ECUADOR,EL ORO,MACHALA,NUEVE DE MAYO,82,9
283,JESUS DEL GRAN PODER,EL ORO,MACHALA,NUEVE DE MAYO,43,9
285,MANUEL CENTENO GARZON,EL ORO,MACHALA,EL CAMBIO,96,7
287,LOS PASTORCITOS,EL ORO,MACHALA,NUEVE DE MAYO,36,1
289,SAN CARLOS,EL ORO,MACHALA,NUEVE DE MAYO,55,7
293,EL BOSQUE,EL ORO,MACHALA,LA PROVIDENCIA,24,1
300,LOS PANCHITOS,EL ORO,MACHALA,NUEVE DE MAYO,35,2
308,RAYITO DE LUZ,EL ORO,MACHALA,LA PROVIDENCIA,31,1
310,ROSA MARIA,EL ORO,MACHALA,LA PROVIDENCIA,59,9
312,UNION,EL ORO,MACHALA,LA PROVIDENCIA,28,1
315,VICKER,EL ORO,MACHALA,LA PROVIDENCIA,48,7
316,TEMPLO DELA SABIDURÍA,EL ORO,MACHALA,LA PROVIDENCIA,27,2
317,16  DE  MARZO,EL ORO,MACHALA,LA PROVIDENCIA,34,1
326,BOLIVARIANO,EL ORO,MACHALA,LA PROVIDENCIA,60,10
327,TEMISTOCLES ARAUZ ROJAS,EL ORO,MACHALA,LA PROVIDENCIA,95,5
331,MANUEL BUENO FAJARDO,EL ORO,MACHALA,LA PROVIDENCIA,99,7
332,SAN FRANCISCO,EL ORO,MACHALA,LA PROVIDENCIA,77,9
354,NUEVA ESPERANZA,EL ORO,MACHALA,MACHALA,29,1
355,SOL NACIENTE,EL ORO,MACHALA,MACHALA,74,8
356,ELOY ALFARO,EL ORO,MACHALA,MACHALA,28,1
357,LAS TOLAS 1,EL ORO,MACHALA,MACHALA,31,1
365,LUZ DEL MUNDO,EL ORO,MACHALA,MACHALA,85,10
372,ROSA ORTEGA,EL ORO,MACHALA,MACHALA,39,8
380,EL MUNDO DE LOS NIÑOS,EL ORO,MACHALA,MACHALA,48,2
391,INSTITUTO DE EDUCACION ESPECIAL DE CIEGOS Y SORDOS,EL ORO,MACHALA,MACHALA,86,10
400,FUENTE DE VIDA,EL ORO,MACHALA,MACHALA,30,2
401,18 DE OCTUBRE,EL ORO,MACHALA,MACHALA,33,1
407,CENTRO DE FORMACION ARTESANAL PARTICULAR AMERICA,EL ORO,MACHALA,MACHALA,31,7
408,KICHWAKUNAPAK AMAUTA YACHAY,EL ORO,MACHALA,MACHALA,42,3
410,LOS AMIGUITOS,EL ORO,MACHALA,MACHALA,54,4
411,ATLANTIC COLLEGE,EL ORO,MACHALA,MACHALA,68,9
416,SGTO HECTOR CHICA ESPINOZA,EL ORO,MACHALA,MACHALA,66,6
418,SAUCES 2,EL ORO,MACHALA,MACHALA,24,1
421,TOMAS LARREA,EL ORO,MACHALA,MACHALA,72,3
436,JOSE VICENTE PEÑAFIEL ESCALANTE,EL ORO,MACHALA,LA PROVIDENCIA,40,3
439,LAS ÁGUILAS DEL SABER,EL ORO,MACHALA,EL CAMBIO,25,5
442,OLINDA GALVEZ DE ARMIJOS,EL ORO,MACHALA,EL RETIRO,43,3
443,MIGUEL ANGEL PINEDA COBOS,EL ORO,MACHALA,EL RETIRO,37,3
444,LUCIANA CASTRO DE CUCALON,EL ORO,MACHALA,EL RETIRO,65,6
446,10 DE AGOSTO,EL ORO,MACHALA,EL RETIRO,73,5
449,ELOY ALFARO,EL ORO,MACHALA,EL CAMBIO,74,5
452,REMIGEO GEO GOMEZ GUERRERO,EL ORO,MACHALA,EL CAMBIO,64,5
455,25 DE JUNIO,EL ORO,MACHALA,EL CAMBIO,49,4
457,KLEBER FRANCO CRUZ,EL ORO,MACHALA,EL CAMBIO,80,6
466,ATAHUALPA,EL ORO,MACHALA,PUERTO BOLIVAR,30,1
467,CHILLA,EL ORO,MACHALA,PUERTO BOLIVAR,30,1
468,MACHALA,EL ORO,MACHALA,MACHALA,27,1
473,LUZ DE CRISTO,EL ORO,MACHALA,PUERTO BOLIVAR,85,8
474,MONSEÑOR LEONIDAS PROAÑO VILLALVA,EL ORO,MACHALA,PUERTO BOLIVAR,33,6
476,PUERTO BOLIVAR,EL ORO,MACHALA,PUERTO BOLIVAR,94,10
481,CENTRO DE PRIMARIA POPULAR AMAZONAS,EL ORO,MACHALA,PUERTO BOLIVAR,30,1
482,MARINERITO,EL ORO,MACHALA,PUERTO BOLIVAR,68,7
484,JESUCRISTO ES EL REY,EL ORO,MACHALA,PUERTO BOLIVAR,61,9
486,VENECIA DEL MAR,EL ORO,MACHALA,PUERTO BOLIVAR,33,1
487,AUTORIDAD PORTUARIA,EL ORO,MACHALA,PUERTO BOLIVAR,29,1
489,OLIMPIA CARDENAS DE ROSALES,EL ORO,MACHALA,MACHALA,85,3
500,CENTRO  DE  REHABILITACIÓN,EL ORO,MACHALA,MACHALA,67,11
502,JOSÉ MARÍA VELAZ,EL ORO,MACHALA,NUEVE DE MAYO,58,0
504,LA UNIÓN,EL ORO,MACHALA,PUERTO BOLIVAR,30,1
506,CARLOS MORAN ZAMBRANO,EL ORO,MARCABELI,MARCABELI,26,4
508,SIMON BOLIVAR,EL ORO,MARCABELI,MARCABELI,34,2
509,LA INMACULADA,EL ORO,MARCABELI,MARCABELI,51,7
513,CARITAS ALEGRES,EL ORO,MARCABELI,MARCABELI,30,1
514,CIUDAD DE MARCABELI,EL ORO,MARCABELI,MARCABELI,81,8
516,30 DE SEPTIEMBRE,EL ORO,MARCABELI,MARCABELI,26,3
519,ING ANDRES CORSINO GARCIA,EL ORO,PASAJE,PROGRESO,31,3
520,15 DE MAYO,EL ORO,PASAJE,PROGRESO,21,1
521,EL PROGRESO,EL ORO,PASAJE,PROGRESO,65,7
525,OLIVA CARDENAS BATALLAS DE SÁNCHEZ,EL ORO,PASAJE,PROGRESO,41,7
527,NICOLAS SALDAÑA CARPIO,EL ORO,PASAJE,PROGRESO,23,3
528,GENERAL CALICUCHIMA,EL ORO,PASAJE,PROGRESO,63,7
529,DR ALFREDO VERA,EL ORO,PASAJE,PROGRESO,49,6
531,PROVINCIA DEL ORO,EL ORO,PASAJE,PROGRESO,28,1
542,TEMISTOCLES ROMERO LUCIN,EL ORO,PASAJE,CAÑAQUEMADA,46,8
549,CENTRO DE PRIMARIA POPULAR  BUENAVISTA,EL ORO,PASAJE,BUENAVISTA,30,1
559,ALBERTO SERRANO ZAMBRANO,EL ORO,PASAJE,BOLIVAR,88,9
561,21 DE JUNIO,EL ORO,PASAJE,BOLIVAR,94,10
568,PANAMERICANO,EL ORO,PASAJE,OCHOA LEON (MATRIZ),90,14
580,TERESA URDIALES DE PAVON,EL ORO,PASAJE,TRES CERRITOS,39,2
581,ORDONEZ AVILA,EL ORO,PASAJE,OCHOA LEON (MATRIZ),87,6
589,CHIQUILLADAS,EL ORO,PASAJE,BOLIVAR,69,15
592,EUGENIO GARCIA GARCIA,EL ORO,PASAJE,LOMA DE FRANCO,54,5
601,LICEO PARTICULA ISRAEL,EL ORO,PASAJE,OCHOA LEON (MATRIZ),74,10
610,CENTRO DE PRIMARIA POPULAR SANTA MARTHA,EL ORO,PASAJE,LOMA DE FRANCO,36,1
615, LA MONCA,EL ORO,PASAJE,OCHOA LEON (MATRIZ),30,1
620,13 DE MAYO,EL ORO,PASAJE,OCHOA LEON (MATRIZ),33,1
622,GENERAL LUIS LARREA  ALBA,EL ORO,PASAJE,CASACAY,26,3
624,LEOPOLDO MUÑOZ RODRIGUEZ,EL ORO,PASAJE,CASACAY,44,5
630,RAFAEL SALDAÑA MENDOZA,EL ORO,PASAJE,PROGRESO,58,5
631,CIRO VICENTE VERA,EL ORO,PASAJE,PROGRESO,30,4
632,MIGUEL ALFONSO CARMONA BENENAULA,EL ORO,PASAJE,PROGRESO,44,4
633,ENRIQUE COELLO LECARO,EL ORO,PASAJE,UZHCURRUMI,97,10
636,JUAN JACOBO ROUSSEAU,EL ORO,PIÑAS,MOROMORO,92,9
640,MOROMORO,EL ORO,PIÑAS,MOROMORO,61,11
641,PEDRO FERMIN CEVALLOS,EL ORO,PIÑAS,MOROMORO,36,5
648,LUIS CORDERO CRESPO,EL ORO,PIÑAS,PIÑAS GRANDE,47,4
662,MANUEL SIGIBERTO LOAYZA GALLARDO,EL ORO,PIÑAS,LA SUSAYA,73,6
663,EDUCACION ESPECIAL  SOR EUFEMIA MOSCOSO ZAMBRANO,EL ORO,PIÑAS,LA MATRIZ,76,4
667,MELVA OCHOA DE PROAÑO,EL ORO,PIÑAS,LA MATRIZ,96,4
669,GENERAL CALICUCHIMA,EL ORO,PIÑAS,LA MATRIZ,33,2
670,13 DE ABRIL,EL ORO,PIÑAS,SAN ROQUE (AMBROSIO MALDONADO),21,2
672,DR GUILLERMO GUZMAN AYORA,EL ORO,PIÑAS,SAN ROQUE (AMBROSIO MALDONADO),26,4
678,OCHO  DE NOVIEMBRE,EL ORO,PIÑAS,PIEDRAS,32,2
684,GENERAL ELOY ALFARO,EL ORO,PIÑAS,LA BOCANA,41,3
686,DR FRANCISCO CABRERA ROMAN,EL ORO,PIÑAS,PIEDRAS,21,1
687,REPUBLICA DE COLOMBIA,EL ORO,PIÑAS,PIEDRAS,44,4
692,MIGUEL CABRERA DELGADO,EL ORO,PIÑAS,SARACAY,33,2
693,AERO TECNICO DE LA  FAE,EL ORO,PIÑAS,SARACAY,23,2
695,HUMBERTO OCHOA  LOAYZA,EL ORO,PIÑAS,SARACAY,24,1
699,ANGEL SALVADOR OCHOA,EL ORO,PIÑAS,CAPIRO,40,4
701,JUAN MONTALVO,EL ORO,PIÑAS,CAPIRO,31,2
702,SEBASTIAN DE BENALCAZAR,EL ORO,PIÑAS,CAPIRO,61,5
704,CIUDAD  DE CUENCA NUMERO 121,EL ORO,PIÑAS,CAPIRO,31,3
707,FLORIDA,EL ORO,PORTOVELO,PORTOVELO,23,1
709,LENIN MORENO,EL ORO,PORTOVELO,PORTOVELO,88,6
710,MARGARITA COMAS,EL ORO,PORTOVELO,PORTOVELO,25,4
713,CENTRO DE FORMACION ARTESANAL FEDERICO FROEBEL,EL ORO,PORTOVELO,PORTOVELO,25,7
717,CENTRO DE FORMACION ARTESANAL PORTOVELO,EL ORO,PORTOVELO,PORTOVELO,91,6
718,CURTINCAPAC,EL ORO,PORTOVELO,CURTINCAPA,75,13
719,SANTIAGO ZAMORA,EL ORO,PORTOVELO,CURTINCAPA,45,5
721,DR GABRIELGARCIA MORENO,EL ORO,PORTOVELO,MORALES,56,7
722,CIUDAD DE PORTOVELO,EL ORO,PORTOVELO,MORALES,23,1
724,27 DE ABRIL,EL ORO,PORTOVELO,SALATI,32,3
726,LEOPOLDO NICOLAS CHAVEZ,EL ORO,PORTOVELO,SALATI,75,4
728,MIGUEL ANGEL CORRAL,EL ORO,PORTOVELO,SALATI,90,11
731,SAN JOSE,EL ORO,SANTA ROSA,BELLAVISTA,80,10
737,PROF JESUS MARIA FLORES DE PIEDRA,EL ORO,SANTA ROSA,BELLAVISTA,30,3
742,JOSE  JOAQUIN TOLEDO CHICA,EL ORO,SANTA ROSA,BELLAVISTA,41,5
749,3 DE NOVIEMBRE,EL ORO,SANTA ROSA,TORATA,30,2
750,EMILIANO VALVERDE,EL ORO,SANTA ROSA,TORATA,30,3
753,PROVINCIA DE EL ORO,EL ORO,SANTA ROSA,BELLAMARIA,29,3
754,GENERAL ELOY ALFARO,EL ORO,SANTA ROSA,BELLAMARIA,62,5
756,TERESA ARCAYA GERMAN,EL ORO,SANTA ROSA,BELLAMARIA,29,4
758,SIMON BOLIVAR,EL ORO,SANTA ROSA,BELLAMARIA,21,2
761,LUIS REINALDO PAREDES ZAMBRANO,EL ORO,SANTA ROSA,VICTORIA,59,4
763,HECTOR TORO VALAREZO,EL ORO,SANTA ROSA,VICTORIA,93,11
770,WALTER LAINEZ MARTINES,EL ORO,SANTA ROSA,SANTA ROSA,56,4
771,MY SCHOOL,EL ORO,SANTA ROSA,SANTA ROSA,61,6
778,MUNDO DE LA FANTASIA,EL ORO,SANTA ROSA,SANTA ROSA,43,8
780,REPUBLICA DEL ECUADOR  ESPRE,EL ORO,SANTA ROSA,SANTA ROSA,43,6
781,DAVID DE JESUS TORRES APOLO,EL ORO,SANTA ROSA,SANTA ROSA,41,4
784,TENIENTE HUGO ORTIZ,EL ORO,SANTA ROSA,SANTA ROSA,27,1
794,ROSA ARCAYA GERMAN,EL ORO,SANTA ROSA,SANTA ROSA,30,3
795,PADRE EMILIO CATALAN BONO,EL ORO,SANTA ROSA,SANTA ROSA,35,5
799,JOSE MARIA VELASCO IBARRA,EL ORO,SANTA ROSA,SANTA ROSA,24,2
804,WALTER CORDOVA  ARAUZ,EL ORO,SANTA ROSA,SANTA ROSA,53,7
812,MANUEL BENJAMIN PESANTEZ VALAREZO,EL ORO,SANTA ROSA,NUEVO SANTA ROSA,68,10
819,15 DE OCTUBRE,EL ORO,SANTA ROSA,SANTA ROSA,60,2
828,CIUDAD DE GUAYAQUIL,EL ORO,SANTA ROSA,JAMBELI,74,5
830,PROVINCIA DE PICHINCHA,EL ORO,SANTA ROSA,JAMBELI,37,1
832,DR JAIME PALACIOS PERALTA,EL ORO,SANTA ROSA,JAMBELI,41,2
841,AGOYAN,EL ORO,ZARUMA,ABAÑIN,51,3
845,PROVINCIA DEL AZUAY,EL ORO,ZARUMA,ABAÑIN,30,2
850,GENERAL ANTONIO JOSE DE SUCRE,EL ORO,ZARUMA,GUANAZAN,42,2
852,DR JOSE ROSAS ZAMBRANO,EL ORO,ZARUMA,GUANAZAN,37,2
853,MANUEL JACINTO CHIRIBOGA,EL ORO,ZARUMA,GUANAZAN,61,4
854,FERNANDO DAQUILEMA,EL ORO,ZARUMA,GUANAZAN,39,3
857,26 DE NOVIEMBRE,EL ORO,ZARUMA,ABAÑIN,21,2
858,GENERAL ELOY ALFARO,EL ORO,ZARUMA,GUANAZAN,27,3
863,VICENTE  MAYA,EL ORO,ZARUMA,GUANAZAN,33,1
867,FASTACO,EL ORO,ZARUMA,GUANAZAN,24,1
879,GUIZHAGUIÑA,EL ORO,ZARUMA,GUIZHAGUIÑA,79,12
881,DR ALFREDO PEREZ GUERRERO,EL ORO,ZARUMA,GUIZHAGUIÑA,27,2
882,5 DE AGOSTO,EL ORO,ZARUMA,GUIZHAGUIÑA,22,1
883,AMBROSIO MALDONADO,EL ORO,ZARUMA,GUIZHAGUIÑA,38,6
891,MANUEL ROMERO SANCHEZ,EL ORO,ZARUMA,HUERTAS,21,3
892,FRANKLIN DELANO ROOSEVELTH,EL ORO,ZARUMA,HUERTAS,54,6
893,MANUEL DE JESUS CALLE,EL ORO,ZARUMA,MALVAS,86,9
896,DON BOSCO ESPECIAL,EL ORO,ZARUMA,ZARUMA,51,7
906,MIGUEL DE CERVANTES,EL ORO,ZARUMA,ARCAPAMBA,83,9
911,REINALDO ESPINOSA AGUILAR,EL ORO,ZARUMA,MALVAS,55,12
912,5 DE JUNIO,EL ORO,ZARUMA,MULUNCAY GRANDE,90,7
914,CENTRO ARTESANAL GABRIELA MISTRAL,EL ORO,ZARUMA,ZARUMA,43,6
926,LA  LIBERTAD,LOJA,CALVAS,UTUANA,38,4
927,GUTTEMBERG,LOJA,CALVAS,UTUANA,24,4
930,ROBERTH  OWEN,LOJA,CALVAS,COLAISACA,41,5
938,11 DE NOVIEMBRE,LOJA,CALVAS,COLAISACA,27,3
941,UNIDAD ARTESANAL GEORGINA ROSILLO,LOJA,CALVAS,COLAISACA,79,10
942,SERVILLO LUDEÑA GAHONA,LOJA,CALVAS,COLAISACA,27,2
943,LA DOLOROSA  ATILLO,LOJA,CALVAS,COLAISACA,24,1
947,HITLER ROBERTO CORONEL JARAMILLO,LOJA,CALVAS,COLAISACA,28,3
949,TECNICO EDMUNDO CEVALLOS AGUIRRE,LOJA,CALVAS,COLAISACA,36,12
951,DR. ISIDRO AYORA,LOJA,CALVAS,COLAISACA,32,9
958,SAN JUAN DE LA CRUZ,LOJA,CALVAS,CARIAMANGA,24,2
962,SANTIAGO APOSTOL,LOJA,CALVAS,CARIAMANGA,28,5
963,LUIS FELIPE CARBO,LOJA,CALVAS,CARIAMANGA,22,3
967,PENINSULA DE SANTA ELENA,LOJA,CALVAS,CARIAMANGA,72,6
968,AMADA JUMBO SANTA TERESA,LOJA,CALVAS,SAN VICENTE,22,3
974,RUBEN DARIO,LOJA,CALVAS,CHILE,30,4
977,ESPECIAL  HELEN KELLER,LOJA,CALVAS,CARIAMANGA,32,6
979,MUSTIOLA CUEVA DE REYES,LOJA,CALVAS,CARIAMANGA,78,8
980,27 DE OCTUBRE,LOJA,CALVAS,CHILE,30,5
982,GRAN COLOMBIA,LOJA,CALVAS,CHILE,21,2
984,CRISTOBAL COLON,LOJA,CALVAS,CHILE,23,4
986,SAN JUAN EVANGELISTA,LOJA,CALVAS,CHILE,34,4
992,CENTRO DE FORMACION ARTESANAL LA SALLE,LOJA,CALVAS,CHILE,93,12
995,LUZ RODRIGUEZ DE CORONEL,LOJA,CALVAS,CHILE,28,3
996,ROSA ELVIRA BURNEO DE A,LOJA,CALVAS,CHILE,60,5
1004,REINA DEL CISNE,LOJA,CALVAS,SANGUILLIN,38,4
1006,LIC. SALOMON SARANGO,LOJA,CALVAS,SANGUILLIN,42,3
1010,GONZALO ZALDUMBIDE,LOJA,CALVAS,SANGUILLIN,71,8
1018,JUAN JOSE HERRERA OJEDA,LOJA,CALVAS,EL LUCERO,32,4
1019,MANUEL JIMENEZ,LOJA,CALVAS,EL LUCERO,51,6
1022,GERONIMO CARRION,LOJA,CALVAS,EL LUCERO,36,6
1023,CARLOS MONTUFAR,LOJA,CALVAS,EL LUCERO,94,12
1024,LUIS VARGAS TORRES,LOJA,CALVAS,SAN VICENTE,32,4
1025,HUGO COLON RODRIGUEZ,LOJA,CALVAS,SAN VICENTE,23,3
1026,SEGUNDO CORREA,LOJA,CALVAS,SAN VICENTE,22,3
1027,ESCUELA PENINSULA IBERICA,LOJA,CALVAS,SAN VICENTE,31,4
1029,ING. ALFONSO VALDIVIEZO,LOJA,CALVAS,SAN VICENTE,55,5
1031,JOSE MARIA RIOFRIO,LOJA,CATAMAYO,EL TAMBO,29,2
1033,ANDRES TINOCO DE MERCADO,LOJA,CATAMAYO,EL TAMBO,29,3
1034,DANIEL GONZALEZ IRENE,LOJA,CATAMAYO,EL TAMBO,21,2
1036,REPUBLICA DE VENEZUELA,LOJA,CATAMAYO,EL TAMBO,54,4
1038,BALBINA CASTRO,LOJA,CATAMAYO,EL TAMBO,30,4
1039,UNIDAD EDUCATIVA A DISTANCIA DE LOA EXTENSION SAN BERNABÉ,LOJA,CATAMAYO,EL TAMBO,68,7
1041,ESCUELA FISCAL MIXTA SANCHEZ DE ORELLANA,LOJA,CATAMAYO,EL TAMBO,29,2
1042,MIGUEL ANGEL CARRION CUEVA,LOJA,CATAMAYO,EL TAMBO,43,3
1044,DR. GONZALO ARIAS CASTILLO,LOJA,CATAMAYO,EL TAMBO,34,2
1045,ESCUELA VICTORIANO JARAMILLO VIVANCO,LOJA,CATAMAYO,EL TAMBO,37,3
1047,MEDARDO FILOMENO CUEVA,LOJA,CATAMAYO,EL TAMBO,26,2
1048,JUAN FRANCISCO RODRIGUEZ MORA,LOJA,CATAMAYO,EL TAMBO,52,5
1053,CENTRO PSICOPEDAGÓGICO CATAMAYO,LOJA,CATAMAYO,CATAMAYO,22,2
1056,SEMILLITAS DEL SABER,LOJA,CATAMAYO,CATAMAYO,27,4
1061,CORINA DEL PARRAL,LOJA,CATAMAYO,CATAMAYO,59,10
1075,MOISES ALBERTO HIDALGO JARRIN,LOJA,CATAMAYO,CATAMAYO,34,4
1076,CORONEL AUGUSTO WITT ANAZCO,LOJA,CATAMAYO,CATAMAYO,89,13
1081,ULPIANO MOSCOSO,LOJA,CATAMAYO,CATAMAYO,31,3
1084,RIO PALORA,LOJA,CATAMAYO,CATAMAYO,21,1
1086,UNIDAD EDUCATIVA A DISTANCIA DE LOJA EXTENSION EL PRADO,LOJA,CATAMAYO,GUAYQUICHUMA,36,4
1091,PEDRO VICTOR FALCONI,LOJA,CATAMAYO,ZAMBI,56,9
1097,ENRIQUE VACAS GALINDO,LOJA,CATAMAYO,ZAMBI,36,6
1105,GENOVEVA BUSTAMANTE DE APOLO,LOJA,CELICA,SABANILLA,24,2
1109,UNIDAD EDUCATIVA A DISTANCIA DE LOJA EXTENSION 5 DE JUNIO,LOJA,CELICA,SABANILLA,60,7
1112,VIRGEN DEL ROSARIO,LOJA,CELICA,SABANILLA,25,2
1114,ESCUELA FISCAL MIXTA  25 DE OCTUBRE,LOJA,CELICA,SABANILLA,66,3
1115,SABANILLA,LOJA,CELICA,SABANILLA,28,5
1121,GUILLERMO GRANDA,LOJA,CELICA,CRUZPAMBA,32,3
1122,ADELA MENDIETA,LOJA,CELICA,CRUZPAMBA,72,4
1127,ESCUELA ALFREDO ROBERS,LOJA,CELICA,LOAIZA,61,6
1128,CARLOS RAUL BUSTAMANTE,LOJA,CELICA,LOAIZA,37,2
1130,ESCUELA CARLOS BUSTAMANTE,LOJA,CELICA,CRUZPAMBA,37,3
1138,DIEGO DE NOBOA,LOJA,CELICA,POZUL (SAN JUAN DE POZUL),30,4
1142,JOSE JAVIER EGUIGUREN,LOJA,CELICA,POZUL (SAN JUAN DE POZUL),33,3
1143,JOSE MIGUEL UNDA,LOJA,CELICA,POZUL (SAN JUAN DE POZUL),29,3
1144,DR  JOSE ANTONIO BAQUERO DE LA CALLE,LOJA,CELICA,POZUL (SAN JUAN DE POZUL),47,6
1145,MIGUEL ANGEL MONTALVO,LOJA,CELICA,POZUL (SAN JUAN DE POZUL),26,3
1150,MADRE TERESA DE CALCUTA,LOJA,CELICA,POZUL (SAN JUAN DE POZUL),37,2
1151,ESCUELA FISCAL MIXTA PEDRO PACHECO,LOJA,CELICA,POZUL (SAN JUAN DE POZUL),48,4
1152,ENRIQUE PESTALOZZI,LOJA,CELICA,POZUL (SAN JUAN DE POZUL),87,9
1153,JUAN JOSE FERIA PUCHA,LOJA,CELICA,CELICA,23,1
1159,REPUBLICA DE GUATEMALA,LOJA,CELICA,CELICA,54,3
1161,COMUNA DOMINGUILLO,LOJA,CELICA,CELICA,47,7
1162,PEDRO JOSE TRAJANO BUSTAMANTE,LOJA,CELICA,CELICA,42,2
1164,RICARDO FERNANDEZ (C.A.),LOJA,CELICA,CELICA,44,7
1166,ESCUELA VILCABAMBA,LOJA,CELICA,CELICA,46,5
1173,FAE,LOJA,CELICA,CELICA,21,2
1174,CABO SEGUNDO GABRIEL HIPOLITO SOLIS MOREIRA,LOJA,CELICA,CELICA,25,3
1180,RIO MALACATOS,LOJA,CELICA,CELICA,58,4
1185,LAZARO CARDENAS,LOJA,CELICA,SABANILLA,57,4
1186,COLEGIO ARTESANAL FRANCISCO CELI BARBA,LOJA,CHAGUARPAMBA,CHAGUARPAMBA,24,2
1187,UNIDAD EDUCATIVA A DISTANCIA DE LOJA EXTENSION LA DOLOROSA,LOJA,CHAGUARPAMBA,CHAGUARPAMBA,65,7
1190,JUAN JOSE CASTILLO CELI,LOJA,CHAGUARPAMBA,CHAGUARPAMBA,21,3
1194,CELSA FILOTEA MOCHA ORDOÑEZ,LOJA,CHAGUARPAMBA,CHAGUARPAMBA,23,2
1205,JOSE LINO PALACIOS,LOJA,CHAGUARPAMBA,EL ROSARIO,21,2
1208,ISABEL MARIA LIZALDEZ DE TRUJILLO,LOJA,CHAGUARPAMBA,CHAGUARPAMBA,30,2
1216,UNIDAD EDUCATIVA A DISTANCIA DE LOJA EXTENSION LOZUMBE,LOJA,CHAGUARPAMBA,SANTA RUFINA,39,7
1217,MATILDE HIDALGO DE PROCEL,LOJA,CHAGUARPAMBA,SANTA RUFINA,79,9
1223,QUITO LUZ DE AMERICA,LOJA,CHAGUARPAMBA,SANTA RUFINA,38,2
1224,CONDORAZO,LOJA,CHAGUARPAMBA,SANTA RUFINA,55,7
1229,12 DE FEBRERO,LOJA,CHAGUARPAMBA,AMARILLOS,87,10
1243,ESCUELA JOSE JOAQUIN PALACIOS,LOJA,ESPINDOLA,BELLAVISTA,32,2
1244,BERNARDO VALDIVIESO,LOJA,ESPINDOLA,BELLAVISTA,55,4
1248,DR JOSE LUIS TAMAYO,LOJA,ESPINDOLA,JIMBURA,37,2
1253,DIEZ DE OCTUBRE,LOJA,ESPINDOLA,JIMBURA,40,2
1254,MONS. JOSE IGNACIO CHECA,LOJA,ESPINDOLA,JIMBURA,50,3
1256,LAUREL DEL AIRO,LOJA,ESPINDOLA,EL AIRO,23,1
1257,LA NARANJA,LOJA,ESPINDOLA,27 DE ABRIL,25,4
1262,ESCUELA FISCAL MIXTA JUAN JOSE PEÑA,LOJA,ESPINDOLA,27 DE ABRIL,21,3
1265,ANTONIO FIDEL GARCIA TORRES,LOJA,ESPINDOLA,27 DE ABRIL,21,2
1270,DR GUADALUPE LARRIVA GONZALEZ,LOJA,ESPINDOLA,EL INGENIO,37,3
1271,24 DE OCTUBRE,LOJA,ESPINDOLA,EL INGENIO,27,3
1273,TRABAJADORES EL INGENIO,LOJA,ESPINDOLA,EL INGENIO,33,6
1277,HERNANDO DE BARAHONA,LOJA,ESPINDOLA,EL AIRO,73,7
1278,ANA MARIETA ROJAS GARRIDO,LOJA,ESPINDOLA,EL INGENIO,55,5
1280,FISCAL MIXTA LUZ CLARITA SUÁREZ,LOJA,ESPINDOLA,EL AIRO,44,3
1281,MANABI,LOJA,ESPINDOLA,EL AIRO,43,4
1284,MONSEÑOR JOSE MARIA HARRIS MORALES,LOJA,ESPINDOLA,AMALUZA,32,3
1286,GUSTAVO TORRES ADRIANCEN,LOJA,ESPINDOLA,AMALUZA,68,8
1287,ESCUELA FISCAL MIXTA GABRIEL GARCIA MORENO,LOJA,ESPINDOLA,AMALUZA,79,12
1289,ZAMORA DE LOS ALCALDES,LOJA,ESPINDOLA,AMALUZA,57,4
1292,ASUNCION,LOJA,ESPINDOLA,AMALUZA,22,2
1297,COLEGIO FISCAL MIXTO DR HUGO GUILLERMO GONZALEZ,LOJA,ESPINDOLA,SANTA TERESITA,82,9
1299,ESPINDOLA,LOJA,ESPINDOLA,SANTA TERESITA,59,8
1301,LIBIA MERCHAN,LOJA,ESPINDOLA,SANTA TERESITA,54,5
1303,DIEZ DE AGOSTO,LOJA,ESPINDOLA,SANTA TERESITA,25,1
1305,RIOBAMBA,LOJA,ESPINDOLA,SANTA TERESITA,44,6
1306,ISMAEL PEREZ PAZMIÑO,LOJA,ESPINDOLA,SANTA TERESITA,30,3
1308,ARCADIO MENDIETA VIRGEN DEL CISNE,LOJA,GONZANAMA,CHANGAIMINA (LA LIBERTAD),23,2
1315,CENTRO ARTESANAL JUAN MARIA RIOFRIO ANEXO A LA UE SAN VICENTE DE PAUL,LOJA,GONZANAMA,CHANGAIMINA (LA LIBERTAD),79,9
1316,PROFESORA CRIMILDA TORRES DE GUARNIZO,LOJA,GONZANAMA,CHANGAIMINA (LA LIBERTAD),27,4
1324,INDOAMERICA,LOJA,GONZANAMA,CHANGAIMINA (LA LIBERTAD),59,9
1329,RIO SARAGURO,LOJA,GONZANAMA,CHANGAIMINA (LA LIBERTAD),28,5
1338,CAMILO PONCE ENRIQUEZ,LOJA,GONZANAMA,SACAPALCA,21,2
1339,CIUDAD DE GONZANAMA,LOJA,GONZANAMA,SACAPALCA,55,6
1342,JUAN DE SALINAS,LOJA,GONZANAMA,SACAPALCA,22,6
1343,ADAN CASTILLO CAÑAR,LOJA,GONZANAMA,SACAPALCA,23,3
1346,CALIXTO CUEVA SANCHEZ,LOJA,GONZANAMA,SACAPALCA,47,4
1347,GALAPAGOS,LOJA,GONZANAMA,SACAPALCA,28,2
1357,COLEGIO TECNICO AGRICOLA 30 DE SEPTIEMBRE,LOJA,GONZANAMA,PURUNUMA (EGUIGUREN),82,14
1358,AGUSTIN CUEVA,LOJA,GONZANAMA,PURUNUMA (EGUIGUREN),61,8
1360,UNIDAD EDUCATIVA A DISTANCIA DE LOJA EXTENSIÓN PURUNUMA,LOJA,GONZANAMA,PURUNUMA (EGUIGUREN),48,7
1368,JUAN BAUTISTA AGUIRRE,LOJA,GONZANAMA,GONZANAMA,41,3
1371,LAUTARO VICENTE LOAIZA,LOJA,GONZANAMA,GONZANAMA,53,7
1374,CENTRO ARTESANAL DR. LYA HARTN,LOJA,GONZANAMA,GONZANAMA,54,9
1392,ABELARDO FLORES,LOJA,GONZANAMA,NAMBACOLA,87,7
1394,PROVINCIA DE LOJA,LOJA,GONZANAMA,NAMBACOLA,40,3
1395,VICENTE ROCAFUERTE,LOJA,GONZANAMA,NAMBACOLA,46,5
1397,JOSE MARIA BURNEO,LOJA,GONZANAMA,NAMBACOLA,51,4
1400,DR. BALTAZAR AGUIRRE,LOJA,GONZANAMA,NAMBACOLA,63,7
1406,JARDIN ANTONIO PEÑA CELI,LOJA,LOJA,VILCABAMBA (VICTORIA),74,3
1407,JOSE VICENTE ANDRADE,LOJA,LOJA,VILCABAMBA (VICTORIA),22,2
1411,CENTRO  DE   FORMACION ARTESANAL FISCAL VILCABAMBA,LOJA,LOJA,VILCABAMBA (VICTORIA),35,4
1417,JULIAN DE RUA PIZARRO,LOJA,LOJA,VILCABAMBA (VICTORIA),28,3
1418,GONZALO ABAD GRIJALVA,LOJA,LOJA,VILCABAMBA (VICTORIA),39,4
1423,NUEVE DE OCTUBRE,LOJA,LOJA,SAN PEDRO DE VILCABAMBA,85,9
1426,MATILDE PALACIO DE JARAMILLO,LOJA,LOJA,YANGANA (ARSENIO CASTILLO),23,3
1428,FRAY VICENTE SOLANO,LOJA,LOJA,YANGANA (ARSENIO CASTILLO),97,9
1434,JOSE VASCONCELOS,LOJA,LOJA,QUINARA,65,3
1436,DIRIGENTES DEL FUTURO,LOJA,LOJA,MALACATOS (VALLADOLID),34,2
1440,DR LUIS EMILIO RODRIGUEZ,LOJA,LOJA,MALACATOS (VALLADOLID),35,6
1441,MANUEL ESTEBAN GODOY O.,LOJA,LOJA,MALACATOS (VALLADOLID),39,3
1445,TEODORO WOLF,LOJA,LOJA,MALACATOS (VALLADOLID),68,11
1455,BLANCA CANO PALACIOS,LOJA,LOJA,MALACATOS (VALLADOLID),49,4
1457,16 DE JULIO,LOJA,LOJA,MALACATOS (VALLADOLID),28,3
1458,COLEGIO NACIONAL RUMISHITANA,LOJA,LOJA,MALACATOS (VALLADOLID),97,6
1459,REINA JULIANA DE HOLANDA,LOJA,LOJA,MALACATOS (VALLADOLID),23,4
1460,JOSE BENIGNO JARAMILLO,LOJA,LOJA,MALACATOS (VALLADOLID),28,3
1467,DR HUGO GUILLERMO GONZALEZ,LOJA,LOJA,CHANTACO,32,2
1468,BENJAMIN AYORA,LOJA,LOJA,TAQUIL (MIGUEL RIOFRIO),25,2
1471,TULCAN,LOJA,LOJA,TAQUIL (MIGUEL RIOFRIO),25,3
1472,JOSE MARIA BUSTAMANTE,LOJA,LOJA,TAQUIL (MIGUEL RIOFRIO),62,4
1476,ANGEL RUBEN  PLACENCIA,LOJA,LOJA,TAQUIL (MIGUEL RIOFRIO),34,3
1477,CLOTARIO ESPINOSA SIGCHO,LOJA,LOJA,TAQUIL (MIGUEL RIOFRIO),33,3
1478,GUILLERMO HERRERA SANCHEZ,LOJA,LOJA,TAQUIL (MIGUEL RIOFRIO),42,7
1479,PIO JARAMILLO ALVARADO,LOJA,LOJA,TAQUIL (MIGUEL RIOFRIO),47,4
1480,DR. BENJAMIN AYORA CUEVA,LOJA,LOJA,TAQUIL (MIGUEL RIOFRIO),48,7
1483,ADOLFO VALAREZO,LOJA,LOJA,CHUQUIRIBAMBA,29,2
1494,SEI FOOTPRINTS ELEMENTARY SCHOOL (PRIMARIA),LOJA,LOJA,SAN SEBASTIAN,65,19
1495,LOS OLIVOS,LOJA,LOJA,SAN SEBASTIAN,37,3
1496,MUNDO DE COLORES,LOJA,LOJA,SAN SEBASTIAN,66,9
1500,CENTRO EDUCATIVO AMAUTA,LOJA,LOJA,SAN SEBASTIAN,82,15
1501,CDI YACUARCUNA ANEXO A LA GUARDERIA,LOJA,LOJA,SAN SEBASTIAN,28,1
1504,ESPECIAL CIUDAD DE LOJA N1,LOJA,LOJA,SAN SEBASTIAN,60,9
1505,CENTRO EDUCATIVO PARTICULAR BILINGUE ARCOIRIS,LOJA,LOJA,SAN SEBASTIAN,30,3
1510,CHISPITAS,LOJA,LOJA,SAN SEBASTIAN,28,3
1514,UNIDAD EDUCATIVA EXPERIMENTAL PARA CIEGOS LUIS BRAILLE,LOJA,LOJA,SAN SEBASTIAN,22,12
1515,NICOLASA JURADO,LOJA,LOJA,SAN SEBASTIAN,47,7
1518,GOTITAS DE MIEL,LOJA,LOJA,SUCRE,56,8
1520,APRENDER JUGANDO,LOJA,LOJA,SAN SEBASTIAN,30,4
1528,DOROTEA CARRION,LOJA,LOJA,SAN SEBASTIAN,77,8
1532,CARLOS BURNEO ARIAS,LOJA,LOJA,SAN SEBASTIAN,64,4
1536,ALFONSO AULESTIA BRAVO,LOJA,LOJA,SAN SEBASTIAN,29,3
1543,UNIDAD EDUCATIVA A DISTANCIA DE LOJA EXTENSION RENACIMIENTO,LOJA,LOJA,SAN SEBASTIAN,83,26
1546,ADOLFO JURADO GONZALEZ,LOJA,LOJA,VALLE,47,6
1547,ANGEL MODESTO VALLEJO VIVANCO,LOJA,LOJA,VALLE,39,3
1548,AGUSTIN ALFONSO PALACIO PALACIO,LOJA,LOJA,VALLE,46,4
1549,UNIDAD INFANTIL Y ORFANATO MUNICIPAL N1,LOJA,LOJA,VALLE,62,12
1560,CENTRO ARTESANAL DOROTEA CARRION,LOJA,LOJA,EL SAGRARIO,75,9
1561,DR  JOSE MIGUEL CARRION  MORA,LOJA,LOJA,EL SAGRARIO,24,2
1568,JUAN PABLO II,LOJA,LOJA,EL SAGRARIO,84,13
1587,INSTITUTO ESPECIAL FISCAL PARA CIEGOS BYRON EGUIGUREN,LOJA,LOJA,EL SAGRARIO,34,12
1589,LAS ABEJITAS,LOJA,LOJA,SUCRE,27,8
1590,CADE,LOJA,LOJA,EL SAGRARIO,45,20
1595,LAS ARDILLITAS,LOJA,LOJA,SUCRE,60,2
1602,PARAISO INFANTIL,LOJA,LOJA,SUCRE,43,3
1603,PEDRO DE CIANCA,LOJA,LOJA,SUCRE,23,2
1604,BURBUJITAS DE SABIDURIA,LOJA,LOJA,SUCRE,31,5
1618,INTERNATIONAL SCHOOL HIJOS DEL REY,LOJA,LOJA,EL SAGRARIO,63,7
1625,RAMON SEBASTIAN VALDIVIEZO,LOJA,LOJA,SUCRE,37,3
1626,REPUBLICA DE CUBA,LOJA,LOJA,SUCRE,46,3
1639,CENTRO EDUCATIVO SAGRADO CORAZON PRIMARIA,LOJA,LOJA,SAN SEBASTIAN,64,9
1641,C.E.P. TIMOTEO,LOJA,LOJA,SUCRE,68,7
1644,INSTITUTO EDUCATIVO SAN FRANCISCO JAVIER,LOJA,LOJA,SUCRE,87,11
1646,LAS TRAVESURAS DE CAMILO,LOJA,LOJA,SAN SEBASTIAN,26,4
1649,FERNANDO CHAVEZ,LOJA,LOJA,VALLE,82,11
1651,CENTINELA DEL SUR,LOJA,LOJA,VALLE,46,5
1654,RAMON BURNEO,LOJA,LOJA,VALLE,98,10
1655,JOSE RAFAEL ARIZAGA VEGA,LOJA,LOJA,VALLE,49,5
1656,I.E. ESPECIAL DE LOJA NO. 2,LOJA,LOJA,VALLE,48,11
1657,DR.JORGE CASTILLO CARRION,LOJA,LOJA,VALLE,56,4
1659,DR. ANGEL RAFAEL MORALES,LOJA,LOJA,VALLE,43,3
1660,ROSA SANCHEZ DE FIERRO,LOJA,LOJA,VALLE,31,4
1671,ALBERGUE INFANTIL PADRE JULIO VILLARROEL OCAÑA,LOJA,LOJA,VALLE,74,4
1672,GUSTAVO DARQUEA TERAN,LOJA,LOJA,VALLE,44,6
1673,JOSE MARIA JARAMILLO SUAREZ,LOJA,LOJA,VALLE,45,4
1674,EMILIANO MORA,LOJA,LOJA,VALLE,29,3
1680,SAN PABLO,LOJA,LOJA,VALLE,37,7
1681,CENTRO EDUCATIVO COMUNITARIO PACHAKUTIK,LOJA,LOJA,VALLE,31,2
1683,AMARILIS FUENTES,LOJA,LOJA,SAN LUCAS,37,3
1684,INTI PAKARI,LOJA,LOJA,SAN LUCAS,24,3
1685,WAKA KUSKA,LOJA,LOJA,SAN LUCAS,22,2
1687,CARCHI N21,LOJA,LOJA,SAN LUCAS,63,4
1690,MIGUEL ESPINOSA,LOJA,LOJA,SAN LUCAS,26,1
1692,UNIDAD EDUCATIVA A DISTANCIA DE LOJA EXT MONS LEONIDAS PROAÑO,LOJA,LOJA,SAN LUCAS,72,5
1693,KAPAK RAYMI,LOJA,LOJA,SAN LUCAS,45,6
1694,VICTOR MARCOS MEDINA,LOJA,LOJA,SAN LUCAS,31,3
1695,MONSEÑOR LEONIDAS PROAÑO N 3,LOJA,LOJA,SAN LUCAS,35,3
1696,LUZ COSTA ZABALETA,LOJA,LOJA,SAN LUCAS,30,2
1698,ROBERTO ANDRADE,LOJA,LOJA,SAN LUCAS,43,5
1699,INKA ÑAN,LOJA,LOJA,SAN LUCAS,34,3
1700,AMAWTA WASI,LOJA,LOJA,SAN LUCAS,28,3
1701,MONS LEONIDAS PROAÑO NO 2,LOJA,LOJA,SAN LUCAS,42,4
1704,INKA PIRKA,LOJA,LOJA,SAN LUCAS,32,2
1706,ATAHUALPA Nº 18,LOJA,LOJA,SAN LUCAS,29,4
1707,UNIDAD EDUCATIVA A DISTANCIA DE LOJA  EXT MADRE LAURA MONTOYA,LOJA,LOJA,SAN LUCAS,97,6
1716,ABDON CALDERON MUÑOZ,LOJA,LOJA,SANTIAGO,97,8
1718,ABDON CALDERON,LOJA,LOJA,EL CISNE,85,12
1721,COLEGIO NACIONAL MIXTO EL CISNE,LOJA,LOJA,EL CISNE,87,10
1722,GASPAR GOMEZ DE SALAZAR,LOJA,LOJA,GUALEL,33,3
1723,COLEGIO NACIONAL AGUSTIN CURIPOMA,LOJA,LOJA,GUALEL,63,8
1724,PEDRO BENAVENTE,LOJA,LOJA,GUALEL,21,2
1726,HOMERO VITERI LA FRONTE,LOJA,LOJA,GUALEL,34,2
1730,10 DE DICIEMBRE,LOJA,LOJA,GUALEL,33,2
1734,GONZALO PIZARRO,LOJA,LOJA,JIMBILLA,74,8
1739,LIBERTADOR BOLIVAR,LOJA,LOJA,JIMBILLA,65,8
1740,COLEGIO PARTICULAR JOSE MARIA VIVAR CASTRO,LOJA,LOJA,EL SAGRARIO,44,9
1744,COLEGIO PARTICULAR A DISTANCIA DR. JOSE MARIA VIVAR CASTRO,LOJA,LOJA,EL SAGRARIO,91,7
1753,CENTRO DE FORMACION ARTESANAL SANTA MARIANA DE JESUS,LOJA,MACARA,MACARA  (MANUEL ENRIQUE RENGEL SUQUILANDA),43,7
1757,MANUELITA SAENZ,LOJA,MACARA,MACARA  (MANUEL ENRIQUE RENGEL SUQUILANDA),22,2
1758,DR. CARLOS ROMAN HINOSTROSA,LOJA,MACARA,MACARA  (MANUEL ENRIQUE RENGEL SUQUILANDA),39,3
1763,CARLOS  AROSEMENA TOLA,LOJA,MACARA,MACARA  (MANUEL ENRIQUE RENGEL SUQUILANDA),27,1
1767,JUAN RAFAEL ARROBO,LOJA,MACARA,MACARA  (MANUEL ENRIQUE RENGEL SUQUILANDA),26,2
1774,JARDIN DE INFANTES GEOFRE LUZURIAGA,LOJA,MACARA,MACARA  (MANUEL ENRIQUE RENGEL SUQUILANDA),36,2
1783,SALVADOR BUSTAMANTE CELI,LOJA,MACARA,GENERAL ELOY ALFARO (SAN SEBASTIAN),21,2
1794,SIMON RODRIGUEZ,LOJA,MACARA,SABIANGO (LA CAPILLA),43,10
1795,COLEGIO TECNICO AGROPECUARIO JORGE SANCHEZ MORENO,LOJA,MACARA,SABIANGO (LA CAPILLA),41,10
1799,TORIBIO MORA,LOJA,MACARA,LA VICTORIA,53,6
1803,ANGELA PETRONILA CELI,LOJA,MACARA,LA VICTORIA,33,3
1807,ROSA HONORINA HIDALGO SOTOMAYOR DE RODRIGUEZ,LOJA,MACARA,LA VICTORIA,26,2
1811,COLEGIO TECNICO AGROPECUARIO LA VICTORIA,LOJA,MACARA,LA VICTORIA,83,11
1816,BARTOLOME DE LAS CASAS,LOJA,MACARA,LARAMA,41,4
1821,SEGUNDO NICANOR CASTILLO,LOJA,MACARA,LARAMA,21,2
1822,LIC. ANGEL BENIGNO CARRION,LOJA,MACARA,LARAMA,52,3
1823,CAMILO GALLEGOS DOMINGUEZ,LOJA,MACARA,LARAMA,38,7
1824,CENTRO DE FORMACION ARTESANAL OLMEDO,LOJA,OLMEDO,OLMEDO,53,4
1827,UNIDAD EDUCATIVA A DISTANCIA DE LOJA EXT LIC PATRICIO CARVAJAL,LOJA,OLMEDO,OLMEDO,50,7
1829,COLEGIO NACIONAL LA TINGUE,LOJA,OLMEDO,LA TINGUE,80,10
1830,DR  MANUEL VARGAS CALLE,LOJA,OLMEDO,OLMEDO,21,4
1838,ESCUELA FISCAL MIXTA OLMEDO,LOJA,OLMEDO,OLMEDO,25,3
1839,DR FRANSISCO COSTA ZABALETA,LOJA,OLMEDO,OLMEDO,39,6
1848,ANTONIO NARIÑO,LOJA,OLMEDO,LA TINGUE,41,8
1850,HECTOR BURBANO,LOJA,OLMEDO,OLMEDO,22,1
1851,SUIZA,LOJA,OLMEDO,OLMEDO,30,7
1857,PROFESOR GALO ANIBAL LOPEZ VIVANCO,LOJA,PALTAS,CATACOCHA,31,2
1859,ROBERTO RUILOVA,LOJA,PALTAS,CATACOCHA,25,2
1863,HERMEL N VELASCO,LOJA,PALTAS,CATACOCHA,21,2
1865,GONZALO RUBIO ORBE,LOJA,PALTAS,CATACOCHA,23,2
1868,HERMINIA MASACHE JARAMILLO,LOJA,PALTAS,CATACOCHA,21,1
1872,CENTRO DE EDUCACION ESPECIAL JOSE BELISARIO DIAZ,LOJA,PALTAS,CATACOCHA,32,4
1873,MARCELINO CHAMPAGNAT,LOJA,PALTAS,CATACOCHA,61,7
1880,25 DE JUNIO,LOJA,PALTAS,LOURDES,99,9
1882,SU MAJESTAD EL NIÑO,LOJA,PALTAS,LOURDES,50,2
1884,RAFAEL VILLAVICENCIO VELEZ,LOJA,PALTAS,LOURDES,21,2
1885,COLEGIO NACIONAL SEGUNDO CUEVA CELI,LOJA,PALTAS,LOURDES,57,9
1887,MANUEL UTRERAS GOMEZ,LOJA,PALTAS,LOURDES,21,3
1888,13 DE MAYO,LOJA,PALTAS,LOURDES,45,5
1895,MONSENOR FRANCISCO VALDIVIEZO,LOJA,PALTAS,LOURDES,64,7
1897,EDMUNDO CARBO,LOJA,PALTAS,LOURDES,50,3
1898,LEONIDAS AUGUSTO GUERRERO LOPEZ,LOJA,PALTAS,LOURDES,61,9
1900,COLEGIO DR CARLOS MANUEL ESPINOZA,LOJA,PALTAS,SAN ANTONIO,79,9
1903,JOSE ROSA MALDONADO HURTADO,LOJA,PALTAS,SAN ANTONIO,59,8
1910,GUILLERMO HUMBERTO VINTIMILLA,LOJA,PALTAS,CASANGA,36,3
1913,JUAN RAMON JIMENEZ,LOJA,PALTAS,CASANGA,72,9
1914,COLEGIO NACIONAL MACANDAMINE,LOJA,PALTAS,CASANGA,74,9
1915,CORINA PARRAL DE VELASCO IBARRA,LOJA,PALTAS,CASANGA,32,3
1918,BERMEO VASQUEZ,LOJA,PALTAS,YAMANA,92,9
1920,JORGE GUILLERMO ARMIJOS,LOJA,PALTAS,CASANGA,72,8
1921,MONSEÑOR FRANCISCO VALDIVIESO ALVARADO,LOJA,PALTAS,YAMANA,63,10
1922,ESCUELA FRANCISCO CELI BARBA SEDE RED ESCOLAR RURAL YAMANA,LOJA,PALTAS,YAMANA,21,6
1928,CANONIGO BOLIVAR BAILON MORALES,LOJA,PALTAS,LAURO GUERRERO,27,3
1932,HECTOR LARA ZAMBRANO,LOJA,PALTAS,LAURO GUERRERO,33,2
1933,TECNICO AGROPECUARIO FRONTERA SUR,LOJA,PALTAS,CANGONAMA,57,9
1934,APARICIO BRAVO,LOJA,PALTAS,CANGONAMA,25,2
1938,VICTOR MANUEL REYES AZANZA,LOJA,PALTAS,CANGONAMA,59,7
1940,COLEGIO TECNICO AGROPECUARIO TCNEL. LAURO GUERRERO,LOJA,PALTAS,LAURO GUERRERO,89,13
1941,DOMINGO FAUSTINO SARMIENTO,LOJA,PALTAS,LAURO GUERRERO,68,6
1945,PARCIALIDAD DE LOS PALTAS,LOJA,PALTAS,GUACHANAMA,41,3
1952,EMILIANO GUERRERO,LOJA,PALTAS,GUACHANAMA,38,3
1955,MANUEL DE JESUS VARGAS GUALAN,LOJA,PALTAS,GUACHANAMA,30,2
1957,GARCILAZO DE LA VEGA,LOJA,PALTAS,GUACHANAMA,22,2
1959,BELISARIO QUEVEDO,LOJA,PALTAS,GUACHANAMA,38,4
1960,29 DE MAYO,LOJA,PALTAS,GUACHANAMA,75,11
1962,UNIDAD EDUCATIVA A DISTANCIA DE LOJA  EXT HNO MIGUEL FEBRES CORDERO,LOJA,PALTAS,ORIANGA,35,4
1983,LUZ ANGELICA MARTINEZ,LOJA,PINDAL,CHAQUINAL,41,3
1987,JOSE MIGUEL ZARATE,LOJA,PINDAL,CHAQUINAL,37,4
1989,JUAN PIO MONTUFAR,LOJA,PINDAL,12 DE DICIEMBRE,96,7
1993,MONTECRISTI,LOJA,PINDAL,12 DE DICIEMBRE,35,1
1995,DOLORES SUCRE,LOJA,PINDAL,12 DE DICIEMBRE,36,3
1996,VICTOR EFREN PILCO,LOJA,PINDAL,12 DE DICIEMBRE,32,2
2001,CLOTARIO PAZ PALADINES,LOJA,PINDAL,12 DE DICIEMBRE,94,9
2008,VICTOR MIGUEL MONCAYO PALACIOS,LOJA,PINDAL,MILAGROS,24,3
2012,CIUDAD DE ROMA,LOJA,PINDAL,MILAGROS,21,2
2015,JAMBELI,LOJA,PINDAL,MILAGROS,21,2
2019,OLGA MARINA GONZALEZ GRANDA,LOJA,PINDAL,MILAGROS,48,3
2021,EDUARDO HANNER,LOJA,PINDAL,MILAGROS,45,5
2024,JOSE MARIA URBINA,LOJA,PINDAL,PINDAL,23,4
2029,RAMON PINTO GUZMAN,LOJA,PINDAL,PINDAL,29,2
2033,JARDIN DE INFANTES MARIA ANGELICA IDROVO,LOJA,PINDAL,PINDAL,38,2
2040,MANUEL QUIROGA,LOJA,PUYANGO,CIANO,58,4
2041,DOS DE AGOSTO,LOJA,PUYANGO,CIANO,51,5
2042,SEGUNDO MIGUEL SALAZAR,LOJA,PUYANGO,CIANO,24,3
2044,LA ZARZA,LOJA,PUYANGO,CIANO,33,2
2051,LUIS NAPOLEON DILLON,LOJA,PUYANGO,EL ARENAL,63,4
2052,PAULO FREIRE,LOJA,PUYANGO,EL ARENAL,21,2
2057,CENTRO DE FORMACIÓN ARTESANAL VICENTINO,LOJA,PUYANGO,VICENTINO,45,7
2065,REPUBLICA DE NICARAGUA,LOJA,PUYANGO,VICENTINO,30,2
2066,SANTIAGO RAMON Y CAJAL,LOJA,PUYANGO,VICENTINO,94,7
2071,MODESTO CHAVEZ FRANCO,LOJA,PUYANGO,MERCADILLO,24,2
2072,ALONSO DE MERCADILLO,LOJA,PUYANGO,MERCADILLO,64,8
2083,DANIEL VELEZ,LOJA,PUYANGO,ALAMOR,25,2
2088,JUAN PABLO SAENZ,LOJA,PUYANGO,ALAMOR,51,5
2090,COLEGIO LAUTARO VICENTE LOAYZA,LOJA,PUYANGO,ALAMOR,75,8
2092,CUATRO DE OCTUBRE,LOJA,PUYANGO,ALAMOR,21,1
2112,CRISTOBAL OJEDA DAVILA,LOJA,PUYANGO,ALAMOR,29,3
2124,MARIA AMADA ULLOA,LOJA,PUYANGO,EL LIMO (MARIANA DE JESUS),35,3
2127,SANTIAGO DE LAS MONTAÑAS,LOJA,PUYANGO,EL LIMO (MARIANA DE JESUS),43,3
2133,ANTONIO RICAURTE,LOJA,PUYANGO,EL LIMO (MARIANA DE JESUS),66,6
2134,RUPERTO ALARCON FALCONI,LOJA,PUYANGO,EL LIMO (MARIANA DE JESUS),31,2
2137,JULIO ALBERTO PAREDES,LOJA,PUYANGO,EL LIMO (MARIANA DE JESUS),44,3
2138,ANGEL PALACIO,LOJA,PUYANGO,EL LIMO (MARIANA DE JESUS),33,2
2140,SUBTENIENTE CESAR EDMUNDO CHIRIBOGA,LOJA,PUYANGO,EL LIMO (MARIANA DE JESUS),28,1
2153,FRANCIA,LOJA,QUILANGA,QUILANGA,65,11
2154,JOAQUIN AÑAZCO,LOJA,QUILANGA,QUILANGA,43,3
2158,DOCTOR LUIS FELIPE MORA,LOJA,QUILANGA,QUILANGA,22,3
2159,UNIDAD EDUCATIVA A DISTANCIA  DE LOJA EXTENSION 3 DE JUNIO,LOJA,QUILANGA,QUILANGA,93,8
2163,LUIS ALBERTO SOTOMAYOR SEDE RED ESCOLAR AUTONOMA RURAL FUNDOCHAMBA,LOJA,QUILANGA,FUNDOCHAMBA,30,5
2166,VITERI FROILAN JIMENEZ GRANDA,LOJA,QUILANGA,SAN ANTONIO DE LAS ARADAS,28,3
2167,COLEGIO TECNICO AGROPECUARIO LIC  MIGUEL ANTOLIANO SALINAS JARAMILLO,LOJA,QUILANGA,SAN ANTONIO DE LAS ARADAS,96,13
2170,HERNANDO DE SANTILLAN,LOJA,QUILANGA,SAN ANTONIO DE LAS ARADAS,62,10
2173,RVDO  DR: SEGUNDO IGNACIO GODOY,LOJA,QUILANGA,SAN ANTONIO DE LAS ARADAS,63,8
2174,FRANCISCO TERAN,LOJA,SARAGURO,URDANETA (PAQUISHAPA),55,4
2176,KUNAN KAWSAY,LOJA,SARAGURO,URDANETA (PAQUISHAPA),49,2
2178,ESCUELA FISCAL MIXTA INGAPIRCA,LOJA,SARAGURO,EL TABLON,36,2
2180,REINO DE QUITO,LOJA,SARAGURO,EL TABLON,25,2
2181,MANUEL AURELIO ESPINOZA,LOJA,SARAGURO,EL TABLON,23,1
2183,MANUEL CRUZ MUÑOZ MUÑOZ,LOJA,SARAGURO,SAN ANTONIO DE QUMBE (CUMBE),34,3
2187,MARIA FLORINDA ARMIJOS,LOJA,SARAGURO,SAN ANTONIO DE QUMBE (CUMBE),36,2
2188,NAPOLEON BONAPARTE,LOJA,SARAGURO,SAN ANTONIO DE QUMBE (CUMBE),74,6
2189,CAZADORES DE LOS RIOS,LOJA,SARAGURO,URDANETA (PAQUISHAPA),74,6
2191,GRAD MIGUEL ITURRALDE,LOJA,SARAGURO,URDANETA (PAQUISHAPA),37,3
2192,TORRICELLI,LOJA,SARAGURO,URDANETA (PAQUISHAPA),43,3
2193,SEGISMUNDO FREUD,LOJA,SARAGURO,URDANETA (PAQUISHAPA),72,5
2197,WAYNA  KAPAK,LOJA,SARAGURO,SARAGURO,53,8
2198,JOSE MIGUEL ZHINGRE MEDINA,LOJA,SARAGURO,SARAGURO,23,2
2199,RUKUKUNAPAK  TANTARINA  WASI,LOJA,SARAGURO,SARAGURO,52,2
2200,UE INKA SAMANA,LOJA,SARAGURO,SARAGURO,92,14
2201,INKA WASI,LOJA,SARAGURO,SARAGURO,71,8
2202,YAGUARZONGO,LOJA,SARAGURO,SARAGURO,50,4
2203,KURI SARA LLAKTA,LOJA,SARAGURO,SARAGURO,43,6
2204,HATARI YUYAY,LOJA,SARAGURO,SARAGURO,51,4
2206,LAGO DE SAN PABLO,LOJA,SARAGURO,SARAGURO,64,8
2215,CENTRO ARTESANAL SARAGURO (MATRIZ),LOJA,SARAGURO,SARAGURO,85,7
2217,DIVINO NIÑO JESUS,LOJA,SARAGURO,SARAGURO,25,3
2219,ÁNGEL MARIA ÁVILA QUISHPE,LOJA,SARAGURO,URDANETA (PAQUISHAPA),91,9
2221,PRIMICIAS DE LA CULTURA DE QUITO,LOJA,SARAGURO,SAN PABLO DE TENTA,86,9
2224,MONS. BOLIVAR JARAMILLO,LOJA,SARAGURO,EL PARAISO DE CELEN,75,4
2225,ALBERTO GUERRERO MARTINEZ,LOJA,SARAGURO,EL PARAISO DE CELEN,49,5
2227,GUSTAVO ADOLFO OTERO,LOJA,SARAGURO,SAN PABLO DE TENTA,75,8
2228,SISA  LLAKTA,LOJA,SARAGURO,SAN PABLO DE TENTA,32,3
2230,ROBERTO MUÑOZ MALO,LOJA,SARAGURO,EL PARAISO DE CELEN,70,3
2233,MARIANO CUEVA,LOJA,SARAGURO,EL PARAISO DE CELEN,49,2
2234,EL VERGEL,LOJA,SARAGURO,SAN PABLO DE TENTA,44,8
2237,OMAR TORRIJOS,LOJA,SARAGURO,SAN PABLO DE TENTA,36,4
2239,JOSE DE ANTEPARA,LOJA,SARAGURO,SAN PABLO DE TENTA,46,3
2240,LUIS MOGROVEJO QUEVEDO,LOJA,SARAGURO,SAN PABLO DE TENTA,41,3
2242,JOSE MARIA ANDRADE,LOJA,SARAGURO,SELVA ALEGRE,33,5
2243,INTIPAK  CHURI,LOJA,SARAGURO,SELVA ALEGRE,28,3
2249,DR VICTOR VIVAR ESPINOZA,LOJA,SARAGURO,LLUZHAPA,26,1
2250,DR. LUCIANO LASSO ORTEGA,LOJA,SARAGURO,LLUZHAPA,31,1
2253,CIUDAD DE TENA,LOJA,SARAGURO,LLUZHAPA,29,2
2254,LUIS ANTONIO MONTESINOS,LOJA,SARAGURO,SAN PABLO DE TENTA,25,2
2255,JUAN PEDRO RAMON RAMIREZ,LOJA,SARAGURO,SELVA ALEGRE,29,1
2257,SAN LUIS DE CURIACU,LOJA,SARAGURO,SELVA ALEGRE,49,3
2259,MANUEL JUVENTINO MUÑOZ,LOJA,SARAGURO,SELVA ALEGRE,32,2
2263,ROSALINO MONTAÑO ARMIJOS,LOJA,SARAGURO,SUMAYPAMBA,28,2
2264,29 DE JUNIO,LOJA,SARAGURO,SUMAYPAMBA,50,4
2265,CIUDAD DE ZUMBA,LOJA,SARAGURO,SUMAYPAMBA,46,3
2266,JUANITA COLLAHUAZO PAEZ,LOJA,SARAGURO,SUMAYPAMBA,36,4
2267,UNIDAD EDUCATIVA A DISTANCIA DE LOJA EXTENSIÓN PADRE ASDRUBAL ASTUDILL,LOJA,SARAGURO,SUMAYPAMBA,70,5
2270,MACHALA,LOJA,SARAGURO,SAN SEBASTIAN DE YULUC,65,8
2271,LIMAPAMBA,LOJA,SARAGURO,SAN SEBASTIAN DE YULUC,24,2
2272,CIUDAD SARAGURO,LOJA,SARAGURO,SAN SEBASTIAN DE YULUC,91,5
2273,CENTRO DE FORMACION ARTESANAL FISCAL MANU,LOJA,SARAGURO,MANU,39,4
2276,HUALCOPO DUCHICELA,LOJA,SARAGURO,SUMAYPAMBA,22,1
2278,FAUSTO GODOFREDO PACHAR LAZO,LOJA,SARAGURO,MANU,22,2
2280,MERCEDES GONZALEZ DE MOSCOSO,LOJA,SARAGURO,MANU,48,5
2281,RIO MARAÑON,LOJA,SARAGURO,MANU,81,4
2282,PROF. WILSON PALACIO SALCEDO,LOJA,SARAGURO,MANU,37,3
2287,AGUSTIN CELI,LOJA,SARAGURO,MANU,29,2
2290,CIUDAD DE SANTA MARIA DE LEIVA,LOJA,SARAGURO,MANU,23,1
2292,MAXIMILIANO WITT,LOJA,SOZORANGA,SOZORANGA,34,3
2294,UNIDAD EDUCATIVA A DISTANCIA DE LOJA  EXTENSIÓN CHINCHANGA,LOJA,SOZORANGA,SOZORANGA,43,6
2295,DR. ERNESTO ALBAN GOMEZ,LOJA,SOZORANGA,SOZORANGA,28,2
2296,IGNACIO DE VEINTIMILLA,LOJA,SOZORANGA,SOZORANGA,25,2
2298,LIC JOSÉ VICENTE MASACHE CUEVA,LOJA,SOZORANGA,SOZORANGA,29,1
2306,ABEL CELI,LOJA,SOZORANGA,SOZORANGA,26,2
2307,VIRGINIA LUDEÑA ESCUDERO,LOJA,SOZORANGA,SOZORANGA,23,4
2310,6 DE DICIEMBRE,LOJA,SOZORANGA,SOZORANGA,21,2
2317,ZOILO RODRIGUEZ,LOJA,SOZORANGA,SOZORANGA,41,8
2318,ERNESTO PINTO CASTILLO,LOJA,SOZORANGA,SOZORANGA,22,4
2322,DOLORES CELI,LOJA,SOZORANGA,SOZORANGA,63,10
2329,HERMANO MIGUEL,LOJA,SOZORANGA,NUEVA FATIMA,27,3
2335,BARTOLOME RUIZ,LOJA,SOZORANGA,SOZORANGA,22,2
2336,ALBERTO MENA HIDALGO,LOJA,SOZORANGA,NUEVA FATIMA,21,2
2339,ESMERALDAS,LOJA,SOZORANGA,NUEVA FATIMA,43,6
2343,FLODUARDO LEON ALBAN,LOJA,SOZORANGA,TACAMOROS,30,2
2350,VIRGILIO ABARCA,LOJA,SOZORANGA,TACAMOROS,62,9
2354,GEOFRE  ABDON  LUZURIAGA,LOJA,SOZORANGA,TACAMOROS,32,5
2355,MANUEL AGUSTIN AGUIRRE,LOJA,SOZORANGA,TACAMOROS,77,11
2362,JUAN FRANCISCO PINZON,LOJA,SOZORANGA,TACAMOROS,33,3
2366,COLEGIO TECNICO FORESTAL DR ZOILO RODRIGUEZ,LOJA,SOZORANGA,TACAMOROS,93,12
2368,REINA DEL CISNE,LOJA,SOZORANGA,SOZORANGA,23,1
2370,JOSE FELIX DE VALDIVIESO,LOJA,ZAPOTILLO,ZAPOTILLO,31,3
2371,ESCUELA FISCAL MIXTA GENERAL  MARIANO VALDIVIESO,LOJA,ZAPOTILLO,ZAPOTILLO,24,3
2389,ARTURO CORDOVA GRANDA,LOJA,ZAPOTILLO,PALETILLAS,25,1
2392,ESCUELA SOLDADO FRANCISCO A. CORONEL,LOJA,ZAPOTILLO,PALETILLAS,93,6
2393,CARACAS,LOJA,ZAPOTILLO,PALETILLAS,21,2
2394,ALBERT EINSTEIN,LOJA,ZAPOTILLO,PALETILLAS,36,1
2397,ESCUELA PINTAC,LOJA,ZAPOTILLO,PALETILLAS,45,4
2402,NAZACOTA PUENTO,LOJA,ZAPOTILLO,PALETILLAS,30,3
2407,BATALLON CAYAMBE,LOJA,ZAPOTILLO,BOLASPAMBA,25,2
2408,27 DE FEBRERO,LOJA,ZAPOTILLO,BOLASPAMBA,39,3
2409,PRIMERO DE MAYO,LOJA,ZAPOTILLO,BOLASPAMBA,29,2
2410,GENERAL FRANCISCO ROBLES,LOJA,ZAPOTILLO,CAZADEROS,29,2
2411,UNIDAD EDUCATIVA A DISTANCIA DE LOJA EXTENSION JUAN PABLO II,LOJA,ZAPOTILLO,BOLASPAMBA,51,4
2412,MANGAHURCO,LOJA,ZAPOTILLO,CAZADEROS,48,13
2413,GREGORIO MARAÑON,LOJA,ZAPOTILLO,BOLASPAMBA,74,8
2414,PLAZA LEDESMA,LOJA,ZAPOTILLO,CAZADEROS,34,3
2419,UNIDAD EDUCATIVA A DISTANCIA DE LOJA TOMAS MONTOYA  CAZADEROS,LOJA,ZAPOTILLO,CAZADEROS,26,4
2422,BARON DE HUMBOLTH,LOJA,ZAPOTILLO,CAZADEROS,47,7
2430,NICOLAS BURNEO ARIAS,LOJA,ZAPOTILLO,GARZAREAL,25,3
2433,BATALLON GENERAL CORDOVA,LOJA,ZAPOTILLO,GARZAREAL,43,4
2436,ZAMORA,LOJA,ZAPOTILLO,GARZAREAL,77,7
2442,ING.JULIO GONZALO HIDALGO,LOJA,ZAPOTILLO,LIMONES,75,8
2444,WILFRIDO VIDAL SANCHEZ,LOJA,ZAPOTILLO,LIMONES,23,2
2454,UNIDAD EDUC EXPERIMENTAL A DISTANCIA ZAMORA CH EXTEN SAN ISIDRO,ZAMORA CHINCHIPE,CENTINELA DEL CONDOR,ZUMBI,47,6
2457,UNIDAD EDUC EXPERIMENTAL A DISTANCIA ZAMORA CH EXTEN ZUMBI,ZAMORA CHINCHIPE,CENTINELA DEL CONDOR,ZUMBI,80,6
2458,AGUSTIN TSAMAREIN CHUMAPI,ZAMORA CHINCHIPE,CENTINELA DEL CONDOR,TRIUNFO-DORADO,85,6
2461,LUZ DE AMERICA,ZAMORA CHINCHIPE,CENTINELA DEL CONDOR,TRIUNFO-DORADO,27,3
2463,UNIDAD EDUC EXPERIMENTAL A DISTANCIA ZAMORA CH  EXT EL DORADO,ZAMORA CHINCHIPE,CENTINELA DEL CONDOR,TRIUNFO-DORADO,83,6
2468,ALFREDO BAQUERIZO MORENO,ZAMORA CHINCHIPE,CENTINELA DEL CONDOR,ZUMBI,27,3
2469,CAMILO PONCE ENRRIQUEZ,ZAMORA CHINCHIPE,CENTINELA DEL CONDOR,ZUMBI,23,1
2473,LA  CONDAMINE,ZAMORA CHINCHIPE,CENTINELA DEL CONDOR,TRIUNFO-DORADO,37,3
2476,ARCHIPIELAGO DE COLON,ZAMORA CHINCHIPE,CENTINELA DEL CONDOR,ZUMBI,22,2
2477,NUEVE DE OCTUBRE,ZAMORA CHINCHIPE,CENTINELA DEL CONDOR,ZUMBI,52,4
2480,GONZALO ZALDUMBIDE,ZAMORA CHINCHIPE,CENTINELA DEL CONDOR,ZUMBI,27,3
2483,PRIMARIA POPULAR LA CHONTA,ZAMORA CHINCHIPE,CHINCHIPE,LA CHONTA,37,1
2485,ALEJANDRO ENCALADA,ZAMORA CHINCHIPE,CHINCHIPE,EL CHORRO,24,2
2487,UNIDAD EDUC EXPERIMENTAL A DISTANCIA ZAMORA EXT LA CHONTA,ZAMORA CHINCHIPE,CHINCHIPE,LA CHONTA,21,4
2488,GUAYAQUIL,ZAMORA CHINCHIPE,CHINCHIPE,LA CHONTA,27,2
2493,UNIDAD EDUC EXPERIMENTAL A DISTANCIA ZAMORA CH EXT EL HORCON,ZAMORA CHINCHIPE,CHINCHIPE,ZUMBA,29,3
2494,MORAIMA CARVAJAL,ZAMORA CHINCHIPE,CHINCHIPE,ZUMBA,24,2
2499,LUIS G TUFINO,ZAMORA CHINCHIPE,CHINCHIPE,SAN ANDRES,44,5
2507,BENJAMIN CARRION,ZAMORA CHINCHIPE,CHINCHIPE,SAN ANDRES,42,4
2508,PATRIA ECUATORIANA,ZAMORA CHINCHIPE,CHINCHIPE,ZUMBA,21,1
2509,SEGUNDO ZAQUINAULA GARCÍA,ZAMORA CHINCHIPE,CHINCHIPE,SAN ANDRES,28,3
2512,UNIDAD EDUC EXPERIMENTAL A DISTANCIA ZAMOTA CH EXT LA DIVERSION,ZAMORA CHINCHIPE,CHINCHIPE,ZUMBA,77,6
2519,VICENTE PIEDRAHITA,ZAMORA CHINCHIPE,CHINCHIPE,ZUMBA,28,1
2521,SEGUNDO TEODORO PAVON ROMERO,ZAMORA CHINCHIPE,CHINCHIPE,ZUMBA,49,5
2525,MARIO PALTIN LAVANDA,ZAMORA CHINCHIPE,CHINCHIPE,ZUMBA,79,9
2528,LUIS PASTEUR,ZAMORA CHINCHIPE,CHINCHIPE,ZUMBA,53,2
2532,SOLDADO BYRON JIMENEZ,ZAMORA CHINCHIPE,CHINCHIPE,ZUMBA,30,4
2534,CHIMBORAZO,ZAMORA CHINCHIPE,CHINCHIPE,ZUMBA,59,5
2535,UNIDAD EDUC EXPERIMENTAL A DISTANCIA ZAMORA CH EXT GUARIMIZAL,ZAMORA CHINCHIPE,CHINCHIPE,ZUMBA,45,6
2536,CENTRO   ARTESANAL ZUMBA,ZAMORA CHINCHIPE,CHINCHIPE,ZUMBA,36,5
2543,CIUDAD DE VILCABAMBA,ZAMORA CHINCHIPE,CHINCHIPE,CHITO,90,5
2546,UNIDAD EDUC EXPERIMENTAL A DISTANCIA ZAMORA CH EXT LA CRUZ,ZAMORA CHINCHIPE,CHINCHIPE,CHITO,93,6
2547,PEDRO VICENTE MALDONADO,ZAMORA CHINCHIPE,CHINCHIPE,CHITO,24,1
2549,ESCUELA  ECUADOR AMAZONICO,ZAMORA CHINCHIPE,CHINCHIPE,CHITO,28,2
2554,COLEGIO TECNICO HEROES DE PAQUISHA,ZAMORA CHINCHIPE,CHINCHIPE,CHITO,75,11
2561,EUGENIO ESPEJO,ZAMORA CHINCHIPE,EL PANGUI,PACHICUTZA,25,2
2563,TUTIN,ZAMORA CHINCHIPE,EL PANGUI,EL PANGUI,73,5
2565,PÁNKI,ZAMORA CHINCHIPE,EL PANGUI,EL PANGUI,25,1
2566,SAANT,ZAMORA CHINCHIPE,EL PANGUI,PACHICUTZA,35,3
2567,14 DE FEBRERO ,ZAMORA CHINCHIPE,EL PANGUI,EL PANGUI,21,1
2569,CENTRO DE FORMACION ARTESANAL CACHA,ZAMORA CHINCHIPE,EL PANGUI,EL PANGUI,34,3
2571,JORGE IZQUIERDO,ZAMORA CHINCHIPE,EL PANGUI,EL PANGUI,21,1
2577,LEONIDAS GARCIA,ZAMORA CHINCHIPE,EL PANGUI,PACHICUTZA,95,11
2579,CARMEN VALDIVIEZO,ZAMORA CHINCHIPE,EL PANGUI,EL PANGUI,38,2
2582,5 DE JUNIO,ZAMORA CHINCHIPE,EL PANGUI,EL PANGUI,47,3
2585,CAPITAN MARTIN (PRIMARIA),ZAMORA CHINCHIPE,EL PANGUI,EL PANGUI,28,1
2590,WISUM,ZAMORA CHINCHIPE,EL PANGUI,EL GUISME,21,1
2591,MANUEL CHIMBO CABRERA,ZAMORA CHINCHIPE,EL PANGUI,EL GUISME,27,1
2598,CALICUCHIMA (PRIMARIO),ZAMORA CHINCHIPE,EL PANGUI,EL GUISME,21,2
2599,UNIDAD EDUC EXPERIMENTAL A DISTANCIA ZAMORA CH EXT GUISMI,ZAMORA CHINCHIPE,EL PANGUI,EL GUISME,47,3
2601,JUAN BENIGNO VELA,ZAMORA CHINCHIPE,EL PANGUI,EL GUISME,43,3
2602,FRAY JODOCO RICKE,ZAMORA CHINCHIPE,EL PANGUI,TUNDAYME,23,1
2605,UNIDAD EDUC EXPERIMENTAL A DISTANCIA ZAMORA CH EXT TUNDAYME,ZAMORA CHINCHIPE,EL PANGUI,TUNDAYME,43,7
2614,CENTRO ARTESANAL GUAYZIMI,ZAMORA CHINCHIPE,NANGARITZA,GUAYZIMI,25,4
2619,FELIPE WAMPASH,ZAMORA CHINCHIPE,NANGARITZA,GUAYZIMI,35,1
2620,JOSE LUIS NANTIPA,ZAMORA CHINCHIPE,NANGARITZA,GUAYZIMI,98,9
2621,ISABEL WAMPASH,ZAMORA CHINCHIPE,NANGARITZA,GUAYZIMI,45,3
2623,BASE SUR,ZAMORA CHINCHIPE,NANGARITZA,ZURMI,21,1
2624,JUAN CHUINDA,ZAMORA CHINCHIPE,NANGARITZA,ZURMI,86,8
2629,JOSÉ SHARUP,ZAMORA CHINCHIPE,NANGARITZA,ZURMI,26,2
2631,UNIDAD EDUCATIVA EXPERIMIENTAL A DISTANCIA ZAMORA CH EXT ZURMI,ZAMORA CHINCHIPE,NANGARITZA,ZURMI,48,4
2634,CORDILLERA DEL CONDOR,ZAMORA CHINCHIPE,NANGARITZA,ZURMI,52,3
2636,MANUEL SARANGO ROMERO,ZAMORA CHINCHIPE,NANGARITZA,ZURMI,64,4
2637,YAWINTS,ZAMORA CHINCHIPE,NANGARITZA,ZURMI,38,2
2638,JOSE ANTONIO,ZAMORA CHINCHIPE,NANGARITZA,ZURMI,31,1
2639,ETSEKIAM,ZAMORA CHINCHIPE,NANGARITZA,ZURMI,21,1
2643,TIWIRAM,ZAMORA CHINCHIPE,NANGARITZA,NUEVO PARAISO,35,3
2644,ARUTAM,ZAMORA CHINCHIPE,NANGARITZA,NUEVO PARAISO,24,2
2645,WAMPACH,ZAMORA CHINCHIPE,NANGARITZA,NUEVO PARAISO,63,6
2646,MANUEL CAIZA UNTUÑA,ZAMORA CHINCHIPE,NANGARITZA,NUEVO PARAISO,37,3
2647,TENIENTE SEGUNDO QUIROZ,ZAMORA CHINCHIPE,NANGARITZA,NUEVO PARAISO,86,5
2651,ALBERTO SAETAMA MASACHE,ZAMORA CHINCHIPE,PALANDA,PALANDA,45,5
2654,REPUBLICA DE FRANCIA,ZAMORA CHINCHIPE,PALANDA,PALANDA,83,8
2655,UNIDAD EDUC EXPERIMENTAL A DISTANCIA ZAMORA CH EXT PUCARON,ZAMORA CHINCHIPE,PALANDA,PALANDA,39,3
2657,CIUDAD DE RIOBAMBA,ZAMORA CHINCHIPE,PALANDA,PALANDA,33,3
2659,SAN AGUSTIN,ZAMORA CHINCHIPE,PALANDA,PALANDA,22,2
2663,UNIDAD EDUC EXPERIMENTAL A DISTANCIA ZAMORA CH EXT FATIMA,ZAMORA CHINCHIPE,PALANDA,PALANDA,34,3
2671,CIUDAD DE LOYOLA,ZAMORA CHINCHIPE,PALANDA,VALLADOLID,37,4
2674,OSCAR EFREN REYES,ZAMORA CHINCHIPE,PALANDA,EL PORVENIR DEL CARMEN,25,2
2676,COLEGIO  NACIONAL  EL PORVENIR,ZAMORA CHINCHIPE,PALANDA,EL PORVENIR DEL CARMEN,69,9
2678,UNIDAD ED EXPERIM A DISTANCIA ZAMORA CH EXTSAN JUAN DE PUNCHIS,ZAMORA CHINCHIPE,PALANDA,SAN FRANCISCO DE VERGEL,50,4
2681,HERNAN IÑIGUEZ,ZAMORA CHINCHIPE,PALANDA,EL PORVENIR DEL CARMEN,62,3
2682,JOSE MEJIA LEQUERICA,ZAMORA CHINCHIPE,PALANDA,EL PORVENIR DEL CARMEN,90,9
2684,EDGAR JIJON,ZAMORA CHINCHIPE,PALANDA,EL PORVENIR DEL CARMEN,23,2
2685,UNIDAD EDUC EXPERIMENTAL A DISTANCIA  ZAMORA CH EXT SANTA CLARA,ZAMORA CHINCHIPE,PALANDA,EL PORVENIR DEL CARMEN,73,5
2686,LEONARDO CARRION,ZAMORA CHINCHIPE,PALANDA,EL PORVENIR DEL CARMEN,22,1
2688,ANGEL POLIBIO CHAVEZ,ZAMORA CHINCHIPE,PALANDA,EL PORVENIR DEL CARMEN,33,3
2689,MADRE TERESA DE CALCUTA,ZAMORA CHINCHIPE,PALANDA,SAN FRANCISCO DE VERGEL,22,2
2691,FERNANDO DAQUILEMA,ZAMORA CHINCHIPE,PALANDA,SAN FRANCISCO DE VERGEL,55,4
2694,MARCO AGILA,ZAMORA CHINCHIPE,PALANDA,SAN FRANCISCO DE VERGEL,26,2
2701,UNIDAD EDUC EXPERIMENTAL A DISTANCIA ZAMORA CH EXT BELLAVISTA,ZAMORA CHINCHIPE,PAQUISHA,BELLAVISTA,26,5
2702,HEROES DE PAQUISHA,ZAMORA CHINCHIPE,PAQUISHA,PAQUISHA,86,7
2707,ANTONIO CHUMAPI,ZAMORA CHINCHIPE,PAQUISHA,BELLAVISTA,41,3
2709,CIUDAD DE SARAGURO,ZAMORA CHINCHIPE,PAQUISHA,NUEVO QUITO,42,2
2710,JOAQUIN GALLEGOS LARA,ZAMORA CHINCHIPE,PAQUISHA,NUEVO QUITO,26,2
2711,EDWIN VALENCIA,ZAMORA CHINCHIPE,PAQUISHA,NUEVO QUITO,58,5
2713,HEROES DEL CENEPA,ZAMORA CHINCHIPE,PAQUISHA,NUEVO QUITO,40,2
2715,ABDON CALDERON MUÑOZ,ZAMORA CHINCHIPE,PAQUISHA,NUEVO QUITO,43,2
2718,VICENTE ROCAFUERTE,ZAMORA CHINCHIPE,PAQUISHA,NUEVO QUITO,67,5
2728,BARBASCAL,ZAMORA CHINCHIPE,YACUAMBI,28 DE MAYO (SAN JOSE DE YACUAMBI),27,1
2729,ENRIQUE GIL GILBERTH,ZAMORA CHINCHIPE,YACUAMBI,28 DE MAYO (SAN JOSE DE YACUAMBI),31,2
2733,ERNESTO GUEVARA,ZAMORA CHINCHIPE,YACUAMBI,28 DE MAYO (SAN JOSE DE YACUAMBI),31,2
2735,FRAY ENRIQUE VACAS GALINDO,ZAMORA CHINCHIPE,YACUAMBI,28 DE MAYO (SAN JOSE DE YACUAMBI),43,3
2737,JOSÉ MARIA URBINA,ZAMORA CHINCHIPE,YACUAMBI,28 DE MAYO (SAN JOSE DE YACUAMBI),30,2
2740,YACHANA HUASI,ZAMORA CHINCHIPE,YACUAMBI,28 DE MAYO (SAN JOSE DE YACUAMBI),24,1
2744,JAIME IZQUIERDO,ZAMORA CHINCHIPE,YACUAMBI,LA PAZ,21,1
2746,OTTO AROSEMENA GOMEZ,ZAMORA CHINCHIPE,YACUAMBI,28 DE MAYO (SAN JOSE DE YACUAMBI),61,5
2749,SEBASTIAN DE BENALCAZAR,ZAMORA CHINCHIPE,YACUAMBI,28 DE MAYO (SAN JOSE DE YACUAMBI),38,3
2757,TUPAC AMARU,ZAMORA CHINCHIPE,YACUAMBI,LA PAZ,30,2
2758,HUAYNA CAPAC,ZAMORA CHINCHIPE,YACUAMBI,LA PAZ,74,6
2760,HERMANA ESPERANZA SARANGO,ZAMORA CHINCHIPE,YACUAMBI,LA PAZ,22,2
2761,CIUDAD DE IBARRA,ZAMORA CHINCHIPE,YACUAMBI,LA PAZ,50,3
2763,ESCUELA DANIEL MARTINEZ,ZAMORA CHINCHIPE,YACUAMBI,LA PAZ,29,3
2764,JOSE MANUEL ARMIJOS PINEDA,ZAMORA CHINCHIPE,YACUAMBI,LA PAZ,37,3
2765,ANGEL NOLBERTO SUAREZ,ZAMORA CHINCHIPE,YACUAMBI,LA PAZ,62,6
2768,EUDOFILO ALVAREZ,ZAMORA CHINCHIPE,YACUAMBI,TUTUPALI,24,1
2769,NICOLAS INFANTE,ZAMORA CHINCHIPE,YACUAMBI,TUTUPALI,21,1
2771,INTI  LLAKTA,ZAMORA CHINCHIPE,YACUAMBI,TUTUPALI,23,1
2772,YAKUCHINKARIK,ZAMORA CHINCHIPE,YACUAMBI,TUTUPALI,36,3
2774,UNIDAD EDUC EXPERIMENTAL A DISTANCIA ZAMORA CH EXTEN TUTUPALI,ZAMORA CHINCHIPE,YACUAMBI,TUTUPALI,35,4
2775,ESCUELA FISCAL MIXTA GENERAL MIRANDA,ZAMORA CHINCHIPE,YACUAMBI,TUTUPALI,68,7
2776,JAIME ROLDOS AGUILERA,ZAMORA CHINCHIPE,YACUAMBI,28 DE MAYO (SAN JOSE DE YACUAMBI),41,2
2779,UNIDAD EDU  A DISTANCIA ZAMORA CH EXT EL ZARZA,ZAMORA CHINCHIPE,YANTZAZA,YANTZAZA (YANZATZA),38,5
2783,LOS ACHOS ALTO,ZAMORA CHINCHIPE,YANTZAZA,YANTZAZA (YANZATZA),21,1
2789,ESCUELA LEOPOLDO LUCERO,ZAMORA CHINCHIPE,YANTZAZA,YANTZAZA (YANZATZA),24,2
2793,SOR RUFINA,ZAMORA CHINCHIPE,YANTZAZA,YANTZAZA (YANZATZA),55,4
2794,SOLDADO  RAFAEL  PULLAGUARI,ZAMORA CHINCHIPE,YANTZAZA,YANTZAZA (YANZATZA),50,3
2796,ESCUELA DR PEDRO MONCAYO,ZAMORA CHINCHIPE,YANTZAZA,YANTZAZA (YANZATZA),31,2
2800,CRISTOBAL COLON,ZAMORA CHINCHIPE,YANTZAZA,YANTZAZA (YANZATZA),91,10
2804,ESCUELA ESPECIAL MATILDE GUZMAN,ZAMORA CHINCHIPE,YANTZAZA,YANTZAZA (YANZATZA),33,5
2809,CASPICARA,ZAMORA CHINCHIPE,YANTZAZA,YANTZAZA (YANZATZA),55,8
2814,TERESA DE CEPEDA Y FUERTES,ZAMORA CHINCHIPE,YANTZAZA,CHICAÑA,26,2
2817,ANTONIO TSAMARAINT,ZAMORA CHINCHIPE,YANTZAZA,CHICAÑA,29,1
2820,ESCUELA GABRIEL GARCIA MORENO,ZAMORA CHINCHIPE,YANTZAZA,CHICAÑA,49,4
2825,ESCUELA PEDRO VICTOR FALCONI,ZAMORA CHINCHIPE,YANTZAZA,CHICAÑA,40,2
2836,CLEMENTE YEROVI INDABURO,ZAMORA CHINCHIPE,YANTZAZA,LOS ENCUENTROS,28,2
2838,QUISQUIS,ZAMORA CHINCHIPE,YANTZAZA,LOS ENCUENTROS,29,2
2840,6 DE OCTUBRE,ZAMORA CHINCHIPE,YANTZAZA,LOS ENCUENTROS,45,4
2841,ESCUELA PADRE ISASSI,ZAMORA CHINCHIPE,YANTZAZA,LOS ENCUENTROS,44,3
2844,ESCUELA GONZALO ABAD,ZAMORA CHINCHIPE,YANTZAZA,LOS ENCUENTROS,42,3
2853,CENTRO ARTESANAL  LA INMACULADA,ZAMORA CHINCHIPE,ZAMORA,ZAMORA,66,5
2854,DOCE  DE OCTUBRE,ZAMORA CHINCHIPE,ZAMORA,ZAMORA,92,9
2857,MONSEÑOR LEONIDAS PROAÑO,ZAMORA CHINCHIPE,ZAMORA,TIMBARA,22,2
2863,UNIDAD EDUCATIVA EXPERIMENTAL ADISTANCIA DE ZAMORA CH EXT LA PITUCA,ZAMORA CHINCHIPE,ZAMORA,ZAMORA,42,4
2867,ANDRES FRANCISCO CORDOVA,ZAMORA CHINCHIPE,ZAMORA,ZAMORA,31,6
2868,CENTRO ARTESANAL  JULIUS DOPFNER,ZAMORA CHINCHIPE,ZAMORA,ZAMORA,30,5
2873, INTERAKTIVER KINGDERGARTEN SCHULE,ZAMORA CHINCHIPE,ZAMORA,ZAMORA,67,4
2875,FLORA PEÑA DE ARIAS,ZAMORA CHINCHIPE,ZAMORA,ZAMORA,28,3
2879,LUIS FELIPE BORJA NRO 8,ZAMORA CHINCHIPE,ZAMORA,SABANILLA,50,5
2880,ROSITA PAREDES JUMBOS,ZAMORA CHINCHIPE,ZAMORA,SABANILLA,31,2
2883,ALONSO DE MERCADILLO,ZAMORA CHINCHIPE,ZAMORA,EL LIMON,25,3
2884,ESCUELA FISCAL MIXTA FERNANDO PASAN,ZAMORA CHINCHIPE,ZAMORA,EL LIMON,66,7
2891,LUIS ALBERTO VALENCIA,ZAMORA CHINCHIPE,ZAMORA,IMBANA (LA VICTORIA DE IMBANA),38,4
2893,JUAN DE VERGARA,ZAMORA CHINCHIPE,ZAMORA,IMBANA (LA VICTORIA DE IMBANA),29,3
2894,BERNARDINO ECHEVERRIA,ZAMORA CHINCHIPE,ZAMORA,IMBANA (LA VICTORIA DE IMBANA),70,7
2898,JAEN Y MAINAS,ZAMORA CHINCHIPE,ZAMORA,IMBANA (LA VICTORIA DE IMBANA),75,9
2899,IMBANA,ZAMORA CHINCHIPE,ZAMORA,IMBANA (LA VICTORIA DE IMBANA),71,11
2903,LUIS VARGAS TORRES,ZAMORA CHINCHIPE,ZAMORA,GUADALUPE,43,3
2907,CARLOS GARBAY,ZAMORA CHINCHIPE,ZAMORA,GUADALUPE,32,3
2909,UNIDAD EDUCATIVA EXPERIMENTAL A DISTANCIA DE ZAMORA CH EXT GUADALUPE,ZAMORA CHINCHIPE,ZAMORA,GUADALUPE,65,6
2910,JOSE MARTI,ZAMORA CHINCHIPE,ZAMORA,GUADALUPE,31,2
2911,ODILO AGUILAR,ZAMORA CHINCHIPE,ZAMORA,GUADALUPE,40,3
2912,LORENZO DE CEPEDA,ZAMORA CHINCHIPE,ZAMORA,GUADALUPE,23,3
2914,INTI PAKARI,ZAMORA CHINCHIPE,ZAMORA,GUADALUPE,33,2
2917,UNIDAD  EDUC EXPERIMENTAL  A DISTANCIA  ZAMORA EXT CHAMICO,ZAMORA CHINCHIPE,ZAMORA,CUMBARATZA,41,6
2922,JOSE DE LA CUADRA,ZAMORA CHINCHIPE,ZAMORA,CUMBARATZA,67,5
2927,RIO CENEPA,ZAMORA CHINCHIPE,ZAMORA,CUMBARATZA,52,4
2932,ANTONIO JOSE DE SUCRE,ZAMORA CHINCHIPE,ZAMORA,GUADALUPE,75,10
2935,CLODOVEO JIMENEZ CARPIO,ZAMORA CHINCHIPE,ZAMORA,TIMBARA,21,3
